2026-04-21 22:02:31,491 | DEBUG | individu****view.agent.providers.gf_platform | 构建 GF 智能体: agent_key=stockGraph session_key=gfGetSession
2026-04-21 22:02:31,508 | DEBUG | individu****view.agent.gf.stockGraph | 调用 GF 智能体: {'session': {'sessionName': '新对话', 'sessionType': 'agent', 'chatType': 'agent_chat_debug', 'agentId': '268719326186656', 'agentBatchId': '268719326182560'}, 'agent': {'botId': '268719326182560', 'userId': '268719326186656', 'conversationId': '268737202599072', 'urlVersion': 3.0, 'messages': '请结合个股研究框架与输入图谱数据完成评测，并只输出一个 JSON 对象。JSON 中只能包含 score 和 reason 两个字段。score 表示智能体得分，reason 表示智能体评测得分原因。', '...': '还有 1 个字段'}}
2026-04-21 22:02:31,508 | DEBUG | individu****view.agent.runners.sse_runner | 发起请求: {'method': 'POST', 'url': 'https://irmp-cot-uat.gf.com.cn/cloudapi/chat/v2/agent/outside/sse/completions', 'headers': {'AuthCode': '****'}, 'json': {'botId': '268719326182560', 'userId': '268719326186656', 'conversationId': '268737202599072', 'urlVersion': 3.0, 'messages': '请结合个股研究框架与输入图谱数据完成评测，并只输出一个 JSON 对象。JSON 中只能包含 score 和 reason 两个字段。score 表示智能体得分，reason 表示智能体评测得分原因。', '...': '还有 1 个字段'}, 'timeout': 600}
2026-04-21 22:02:31,577 | ERROR | individu****view.agent.runners.sse_runner | 请求失败: {'method': 'POST', 'url': 'https://irmp-cot-uat.gf.com.cn/cloudapi/chat/v2/agent/outside/sse/completions', 'headers': {'AuthCode': '****'}, 'json': {'botId': '268719326182560', 'userId': '268719326186656', 'conversationId': '268737202599072', 'urlVersion': 3.0, 'messages': '请结合个股研究框架与输入图谱数据完成评测，并只输出一个 JSON 对象。JSON 中只能包含 score 和 reason 两个字段。score 表示智能体得分，reason 表示智能体评测得分原因。', '...': '还有 1 个字段'}, 'timeout': None}
Traceback (most recent call last):
  File "/home/customTest/miniconda3/lib/python3.13/site-packages/aiohttp/connector.py", line 1574, in _create_****tion
    hosts = await self._resolve_host(host, port, traces=traces)
            ^^^^^^^^^^^^^^^^^^^^^^^^^^^^^^^^^^^^^^^^^^^^^^^^^^^
  File "/home/customTest/miniconda3/lib/python3.13/site-packages/aiohttp/connector.py", line 1190, in _resolve_host
    return await asyncio.shield(resolved_host_task)
           ^^^^^^^^^^^^^^^^^^^^^^^^^^^^^^^^^^^^^^^^
  File "/home/customTest/miniconda3/lib/python3.13/site-packages/aiohttp/connector.py", line 1221, in _resolve****ttle
    addrs = await self._resolver.resolve(host, port, family=self._family)
            ^^^^^^^^^^^^^^^^^^^^^^^^^^^^^^^^^^^^^^^^^^^^^^^^^^^^^^^^^^^^^
  File "/home/customTest/miniconda3/lib/python3.13/site-packages/aiohttp/resolver.py", line 40, in resolve
    infos = await self._loop.getaddrinfo(
            ^^^^^^^^^^^^^^^^^^^^^^^^^^^^^
    ...<5 lines>...
    )
    ^
  File "/home/customTest/miniconda3/lib/python3.13/asyncio/base_events.py", line 939, in getaddrinfo
    return await self.run_in_executor(
           ^^^^^^^^^^^^^^^^^^^^^^^^^^^
        None, getaddr_func, host, port, family, type, proto, flags)
        ^^^^^^^^^^^^^^^^^^^^^^^^^^^^^^^^^^^^^^^^^^^^^^^^^^^^^^^^^^^
  File "/home/customTest/miniconda3/lib/python3.13/concurrent/futures/thread.py", line 59, in run
    result = self.fn(*self.args, **self.kwargs)
  File "/home/customTest/miniconda3/lib/python3.13/socket.py", line 977, in getaddrinfo
    for res in _socket.getaddrinfo(host, port, family, type, proto, flags):
               ~~~~~~~~~~~~~~~~~~~^^^^^^^^^^^^^^^^^^^^^^^^^^^^^^^^^^^^^^^^
socket.gaierror: [Errno -2] Name or service not known

The above exception was the direct cause of the following exception:

Traceback (most recent call last):
  File "/home/customTest/individu****view/agent/runners/sse_runner.py", line 160, in apiRequestAsync
    async with session.request(**request_params) as response:
               ~~~~~~~~~~~~~~~^^^^^^^^^^^^^^^^^^
  File "/home/customTest/miniconda3/lib/python3.13/site-packages/aiohttp/client.py", line 1521, in __aenter__
    self._resp: _RetType = await self._coro
                           ^^^^^^^^^^^^^^^^
  File "/home/customTest/miniconda3/lib/python3.13/site-packages/aiohttp/client.py", line 788, in _request
    resp = await handler(req)
           ^^^^^^^^^^^^^^^^^^
  File "/home/customTest/miniconda3/lib/python3.13/site-packages/aiohttp/client.py", line 742, in _connect****uest
    conn = await self._connector.connect(
           ^^^^^^^^^^^^^^^^^^^^^^^^^^^^^^
        req, traces=traces, timeout=real_timeout
        ^^^^^^^^^^^^^^^^^^^^^^^^^^^^^^^^^^^^^^^^
    )
    ^
  File "/home/customTest/miniconda3/lib/python3.13/site-packages/aiohttp/connector.py", line 672, in connect
    proto = await self._create_connection(req, traces, timeout)
            ^^^^^^^^^^^^^^^^^^^^^^^^^^^^^^^^^^^^^^^^^^^^^^^^^^^
  File "/home/customTest/miniconda3/lib/python3.13/site-packages/aiohttp/connector.py", line 1251, in _create_connection
    _, proto = await self._create_****tion(req, traces, timeout)
               ^^^^^^^^^^^^^^^^^^^^^^^^^^^^^^^^^^^^^^^^^^^^^^^^^^^^^^^^^^
  File "/home/customTest/miniconda3/lib/python3.13/site-packages/aiohttp/connector.py", line 1580, in _create_****tion
    raise ClientCo****rror(req.connection_key, exc) from exc
aiohttp.client_exceptions.ClientCo****rror: Cannot connect to host irmp-cot-uat.gf.com.cn:443 ssl:default [Name or service not known]
2026-04-21 22:02:31,584 | INFO | individu****view.agent.runners.sse_runner | 请求重试 2/3
2026-04-21 22:02:31,607 | ERROR | individu****view.agent.runners.sse_runner | 请求失败: {'method': 'POST', 'url': 'https://irmp-cot-uat.gf.com.cn/cloudapi/chat/v2/agent/outside/sse/completions', 'headers': {'AuthCode': '****'}, 'json': {'botId': '268719326182560', 'userId': '268719326186656', 'conversationId': '268737202599072', 'urlVersion': 3.0, 'messages': '请结合个股研究框架与输入图谱数据完成评测，并只输出一个 JSON 对象。JSON 中只能包含 score 和 reason 两个字段。score 表示智能体得分，reason 表示智能体评测得分原因。', '...': '还有 1 个字段'}, 'timeout': None}
Traceback (most recent call last):
  File "/home/customTest/miniconda3/lib/python3.13/site-packages/aiohttp/connector.py", line 1574, in _create_****tion
    hosts = await self._resolve_host(host, port, traces=traces)
            ^^^^^^^^^^^^^^^^^^^^^^^^^^^^^^^^^^^^^^^^^^^^^^^^^^^
  File "/home/customTest/miniconda3/lib/python3.13/site-packages/aiohttp/connector.py", line 1190, in _resolve_host
    return await asyncio.shield(resolved_host_task)
           ^^^^^^^^^^^^^^^^^^^^^^^^^^^^^^^^^^^^^^^^
  File "/home/customTest/miniconda3/lib/python3.13/site-packages/aiohttp/connector.py", line 1221, in _resolve****ttle
    addrs = await self._resolver.resolve(host, port, family=self._family)
            ^^^^^^^^^^^^^^^^^^^^^^^^^^^^^^^^^^^^^^^^^^^^^^^^^^^^^^^^^^^^^
  File "/home/customTest/miniconda3/lib/python3.13/site-packages/aiohttp/resolver.py", line 40, in resolve
    infos = await self._loop.getaddrinfo(
            ^^^^^^^^^^^^^^^^^^^^^^^^^^^^^
    ...<5 lines>...
    )
    ^
  File "/home/customTest/miniconda3/lib/python3.13/asyncio/base_events.py", line 939, in getaddrinfo
    return await self.run_in_executor(
           ^^^^^^^^^^^^^^^^^^^^^^^^^^^
        None, getaddr_func, host, port, family, type, proto, flags)
        ^^^^^^^^^^^^^^^^^^^^^^^^^^^^^^^^^^^^^^^^^^^^^^^^^^^^^^^^^^^
  File "/home/customTest/miniconda3/lib/python3.13/concurrent/futures/thread.py", line 59, in run
    result = self.fn(*self.args, **self.kwargs)
  File "/home/customTest/miniconda3/lib/python3.13/socket.py", line 977, in getaddrinfo
    for res in _socket.getaddrinfo(host, port, family, type, proto, flags):
               ~~~~~~~~~~~~~~~~~~~^^^^^^^^^^^^^^^^^^^^^^^^^^^^^^^^^^^^^^^^
socket.gaierror: [Errno -2] Name or service not known

The above exception was the direct cause of the following exception:

Traceback (most recent call last):
  File "/home/customTest/individu****view/agent/runners/sse_runner.py", line 160, in apiRequestAsync
    async with session.request(**request_params) as response:
               ~~~~~~~~~~~~~~~^^^^^^^^^^^^^^^^^^
  File "/home/customTest/miniconda3/lib/python3.13/site-packages/aiohttp/client.py", line 1521, in __aenter__
    self._resp: _RetType = await self._coro
                           ^^^^^^^^^^^^^^^^
  File "/home/customTest/miniconda3/lib/python3.13/site-packages/aiohttp/client.py", line 788, in _request
    resp = await handler(req)
           ^^^^^^^^^^^^^^^^^^
  File "/home/customTest/miniconda3/lib/python3.13/site-packages/aiohttp/client.py", line 742, in _connect****uest
    conn = await self._connector.connect(
           ^^^^^^^^^^^^^^^^^^^^^^^^^^^^^^
        req, traces=traces, timeout=real_timeout
        ^^^^^^^^^^^^^^^^^^^^^^^^^^^^^^^^^^^^^^^^
    )
    ^
  File "/home/customTest/miniconda3/lib/python3.13/site-packages/aiohttp/connector.py", line 672, in connect
    proto = await self._create_connection(req, traces, timeout)
            ^^^^^^^^^^^^^^^^^^^^^^^^^^^^^^^^^^^^^^^^^^^^^^^^^^^
  File "/home/customTest/miniconda3/lib/python3.13/site-packages/aiohttp/connector.py", line 1251, in _create_connection
    _, proto = await self._create_****tion(req, traces, timeout)
               ^^^^^^^^^^^^^^^^^^^^^^^^^^^^^^^^^^^^^^^^^^^^^^^^^^^^^^^^^^
  File "/home/customTest/miniconda3/lib/python3.13/site-packages/aiohttp/connector.py", line 1580, in _create_****tion
    raise ClientCo****rror(req.connection_key, exc) from exc
aiohttp.client_exceptions.ClientCo****rror: Cannot connect to host irmp-cot-uat.gf.com.cn:443 ssl:default [Name or service not known]
2026-04-21 22:02:31,609 | INFO | individu****view.agent.runners.sse_runner | 请求重试 3/3
2026-04-21 22:02:31,661 | ERROR | individu****view.agent.runners.sse_runner | 请求失败: {'method': 'POST', 'url': 'https://irmp-cot-uat.gf.com.cn/cloudapi/chat/v2/agent/outside/sse/completions', 'headers': {'AuthCode': '****'}, 'json': {'botId': '268719326182560', 'userId': '268719326186656', 'conversationId': '268737202599072', 'urlVersion': 3.0, 'messages': '请结合个股研究框架与输入图谱数据完成评测，并只输出一个 JSON 对象。JSON 中只能包含 score 和 reason 两个字段。score 表示智能体得分，reason 表示智能体评测得分原因。', '...': '还有 1 个字段'}, 'timeout': None}
Traceback (most recent call last):
  File "/home/customTest/miniconda3/lib/python3.13/site-packages/aiohttp/connector.py", line 1574, in _create_****tion
    hosts = await self._resolve_host(host, port, traces=traces)
            ^^^^^^^^^^^^^^^^^^^^^^^^^^^^^^^^^^^^^^^^^^^^^^^^^^^
  File "/home/customTest/miniconda3/lib/python3.13/site-packages/aiohttp/connector.py", line 1190, in _resolve_host
    return await asyncio.shield(resolved_host_task)
           ^^^^^^^^^^^^^^^^^^^^^^^^^^^^^^^^^^^^^^^^
  File "/home/customTest/miniconda3/lib/python3.13/site-packages/aiohttp/connector.py", line 1221, in _resolve****ttle
    addrs = await self._resolver.resolve(host, port, family=self._family)
            ^^^^^^^^^^^^^^^^^^^^^^^^^^^^^^^^^^^^^^^^^^^^^^^^^^^^^^^^^^^^^
  File "/home/customTest/miniconda3/lib/python3.13/site-packages/aiohttp/resolver.py", line 40, in resolve
    infos = await self._loop.getaddrinfo(
            ^^^^^^^^^^^^^^^^^^^^^^^^^^^^^
    ...<5 lines>...
    )
    ^
  File "/home/customTest/miniconda3/lib/python3.13/asyncio/base_events.py", line 939, in getaddrinfo
    return await self.run_in_executor(
           ^^^^^^^^^^^^^^^^^^^^^^^^^^^
        None, getaddr_func, host, port, family, type, proto, flags)
        ^^^^^^^^^^^^^^^^^^^^^^^^^^^^^^^^^^^^^^^^^^^^^^^^^^^^^^^^^^^
  File "/home/customTest/miniconda3/lib/python3.13/concurrent/futures/thread.py", line 59, in run
    result = self.fn(*self.args, **self.kwargs)
  File "/home/customTest/miniconda3/lib/python3.13/socket.py", line 977, in getaddrinfo
    for res in _socket.getaddrinfo(host, port, family, type, proto, flags):
               ~~~~~~~~~~~~~~~~~~~^^^^^^^^^^^^^^^^^^^^^^^^^^^^^^^^^^^^^^^^
socket.gaierror: [Errno -2] Name or service not known

The above exception was the direct cause of the following exception:

Traceback (most recent call last):
  File "/home/customTest/individu****view/agent/runners/sse_runner.py", line 160, in apiRequestAsync
    async with session.request(**request_params) as response:
               ~~~~~~~~~~~~~~~^^^^^^^^^^^^^^^^^^
  File "/home/customTest/miniconda3/lib/python3.13/site-packages/aiohttp/client.py", line 1521, in __aenter__
    self._resp: _RetType = await self._coro
                           ^^^^^^^^^^^^^^^^
  File "/home/customTest/miniconda3/lib/python3.13/site-packages/aiohttp/client.py", line 788, in _request
    resp = await handler(req)
           ^^^^^^^^^^^^^^^^^^
  File "/home/customTest/miniconda3/lib/python3.13/site-packages/aiohttp/client.py", line 742, in _connect****uest
    conn = await self._connector.connect(
           ^^^^^^^^^^^^^^^^^^^^^^^^^^^^^^
        req, traces=traces, timeout=real_timeout
        ^^^^^^^^^^^^^^^^^^^^^^^^^^^^^^^^^^^^^^^^
    )
    ^
  File "/home/customTest/miniconda3/lib/python3.13/site-packages/aiohttp/connector.py", line 672, in connect
    proto = await self._create_connection(req, traces, timeout)
            ^^^^^^^^^^^^^^^^^^^^^^^^^^^^^^^^^^^^^^^^^^^^^^^^^^^
  File "/home/customTest/miniconda3/lib/python3.13/site-packages/aiohttp/connector.py", line 1251, in _create_connection
    _, proto = await self._create_****tion(req, traces, timeout)
               ^^^^^^^^^^^^^^^^^^^^^^^^^^^^^^^^^^^^^^^^^^^^^^^^^^^^^^^^^^
  File "/home/customTest/miniconda3/lib/python3.13/site-packages/aiohttp/connector.py", line 1580, in _create_****tion
    raise ClientCo****rror(req.connection_key, exc) from exc
aiohttp.client_exceptions.ClientCo****rror: Cannot connect to host irmp-cot-uat.gf.com.cn:443 ssl:default [Name or service not known]
2026-04-21 22:02:31,665 | WARNING | individu****view.agent.runners.sse_runner | 请求重试耗尽: {'method': 'POST', 'url': 'https://irmp-cot-uat.gf.com.cn/cloudapi/chat/v2/agent/outside/sse/completions', 'headers': {'AuthCode': '****'}, 'json': {'botId': '268719326182560', 'userId': '268719326186656', 'conversationId': '268737202599072', 'urlVersion': 3.0, 'messages': '请结合个股研究框架与输入图谱数据完成评测，并只输出一个 JSON 对象。JSON 中只能包含 score 和 reason 两个字段。score 表示智能体得分，reason 表示智能体评测得分原因。', '...': '还有 1 个字段'}, 'timeout': 600}
2026-04-21 22:02:31,843 | INFO | individu****view.pipelines.stock_graph_eval | stockGraph 评测完成: {'total_records': 1, 'completed_records': 0, 'failed_records': 1, 'pending_records': 0, 'average_score': 0.0}
2026-04-21 22:34:55,134 | DEBUG | individu****view.agent.providers.gf_platform | 构建 GF 智能体: agent_key=stockGraph session_key=gfGetSession
2026-04-21 22:34:55,153 | DEBUG | individu****view.agent.gf.stockGraph | 调用 GF 智能体: {'session': {'sessionName': '新对话', 'sessionType': 'agent', 'chatType': 'agent_chat_debug', 'agentId': '268742034726368', 'agentBatchId': '268742034725344'}, 'agent': {'botId': '268742034725344', 'userId': '268742034726368', 'conversationId': '268742078082176', 'urlVersion': 3.0, 'messages': '请基于个股研究框架与输入图谱数据进行评测，只输出一个 JSON 对象，字段仅包含 score 和 reason。\n输入图谱数据：[{"father_chapter": "1", "id": "1.1", "abstract": "发展概况", "content": "描述公司主营业务定位、主要服务领域及行业布局。", "sample": "公司主营业务为精密模具、注塑零部件的设计、开发、制造及销售。公司主要产品广泛应用于家电、汽车配套零部件及医疗健康领域。公司在全国建有广州、...<截断 15 字符>', '...': '还有 1 个字段'}}
2026-04-21 22:34:55,153 | DEBUG | individu****view.agent.runners.sse_runner | 发起请求: {'method': 'POST', 'url': 'https://pure.warrenq.com/nagent/cloudtest/chat/v2/agent/outside/sse/completions', 'headers': {'AuthCode': '****'}, 'json': {'botId': '268742034725344', 'userId': '268742034726368', 'conversationId': '268742078082176', 'urlVersion': 3.0, 'messages': '请基于个股研究框架与输入图谱数据进行评测，只输出一个 JSON 对象，字段仅包含 score 和 reason。\n输入图谱数据：[{"father_chapter": "1", "id": "1.1", "abstract": "发展概况", "content": "描述公司主营业务定位、主要服务领域及行业布局。", "sample": "公司主营业务为精密模具、注塑零部件的设计、开发、制造及销售。公司主要产品广泛应用于家电、汽车配套零部件及医疗健康领域。公司在全国建有广州、...<截断 15 字符>', '...': '还有 1 个字段'}, 'timeout': 600}
2026-04-21 22:34:55,673 | DEBUG | individu****view.agent.runners.sse_runner | HTTP POST https://pure.warrenq.com/nagent/cloudtest/chat/v2/agent/outside/sse/completions -> 200 (0.52s)
2026-04-21 22:36:11,917 | INFO | individu****view.pipelines.stock_graph_eval | stockGraph 评测完成，结果条数=1
2026-04-21 22:43:42,337 | DEBUG | individu****view.agent.providers.gf_platform | 构建 GF 智能体: agent_key=stockGraph session_key=gfGetSession
2026-04-21 22:43:42,353 | DEBUG | individu****view.agent.gf.stockGraph | 调用 GF 智能体: {'session': {'sessionName': '新对话', 'sessionType': 'agent', 'chatType': 'agent_chat_debug', 'agentId': '268742034726368', 'agentBatchId': '268742034725344'}, 'agent': {'botId': '268742034725344', 'userId': '268742034726368', 'conversationId': '268742078082176', 'urlVersion': 3.0, 'messages': '请基于个股研究框架与输入图谱数据进行评测，只输出一个 JSON 对象，字段仅包含 score 和 reason。\n输入图谱数据：[{"father_chapter": "1", "id": "1.1", "abstract": "发展概况", "content": "描述公司主营业务定位、主要服务领域及行业布局。", "sample": "公司主营业务为精密模具、注塑零部件的设计、开发、制造及销售。公司主要产品广泛应用于家电、汽车配套零部件及医疗健康领域。公司在全国建有广州、...<截断 15 字符>', '...': '还有 1 个字段'}}
2026-04-21 22:43:42,354 | DEBUG | individu****view.agent.runners.sse_runner | 发起请求: {'method': 'POST', 'url': 'https://pure.warrenq.com/nagent/cloudtest/chat/v2/agent/outside/sse/completions', 'headers': {'AuthCode': '****'}, 'json': {'botId': '268742034725344', 'userId': '268742034726368', 'conversationId': '268742078082176', 'urlVersion': 3.0, 'messages': '请基于个股研究框架与输入图谱数据进行评测，只输出一个 JSON 对象，字段仅包含 score 和 reason。\n输入图谱数据：[{"father_chapter": "1", "id": "1.1", "abstract": "发展概况", "content": "描述公司主营业务定位、主要服务领域及行业布局。", "sample": "公司主营业务为精密模具、注塑零部件的设计、开发、制造及销售。公司主要产品广泛应用于家电、汽车配套零部件及医疗健康领域。公司在全国建有广州、...<截断 15 字符>', '...': '还有 1 个字段'}, 'timeout': 600}
2026-04-21 22:43:42,356 | DEBUG | individu****view.agent.gf.stockGraph | 调用 GF 智能体: {'session': {'sessionName': '新对话', 'sessionType': 'agent', 'chatType': 'agent_chat_debug', 'agentId': '268742034726368', 'agentBatchId': '268742034725344'}, 'agent': {'botId': '268742034725344', 'userId': '268742034726368', 'conversationId': '268742078082176', 'urlVersion': 3.0, 'messages': '请基于个股研究框架与输入图谱数据进行评测，只输出一个 JSON 对象，字段仅包含 score 和 reason。\n输入图谱数据：[{"father_chapter": "1", "id": "1.1", "abstract": "发展概况", "content": "说明公司的成立背景、行业地位及主要经营领域。", "sample": "中芯国际集成电路制造有限公司是一家集成电路制造企业。", "source": "中芯国际：中芯国际2025年第三季度报告", "status...<截断 15 字符>', '...': '还有 1 个字段'}}
2026-04-21 22:43:42,356 | DEBUG | individu****view.agent.runners.sse_runner | 发起请求: {'method': 'POST', 'url': 'https://pure.warrenq.com/nagent/cloudtest/chat/v2/agent/outside/sse/completions', 'headers': {'AuthCode': '****'}, 'json': {'botId': '268742034725344', 'userId': '268742034726368', 'conversationId': '268742078082176', 'urlVersion': 3.0, 'messages': '请基于个股研究框架与输入图谱数据进行评测，只输出一个 JSON 对象，字段仅包含 score 和 reason。\n输入图谱数据：[{"father_chapter": "1", "id": "1.1", "abstract": "发展概况", "content": "说明公司的成立背景、行业地位及主要经营领域。", "sample": "中芯国际集成电路制造有限公司是一家集成电路制造企业。", "source": "中芯国际：中芯国际2025年第三季度报告", "status...<截断 15 字符>', '...': '还有 1 个字段'}, 'timeout': 600}
2026-04-21 22:43:42,359 | DEBUG | individu****view.agent.gf.stockGraph | 调用 GF 智能体: {'session': {'sessionName': '新对话', 'sessionType': 'agent', 'chatType': 'agent_chat_debug', 'agentId': '268742034726368', 'agentBatchId': '268742034725344'}, 'agent': {'botId': '268742034725344', 'userId': '268742034726368', 'conversationId': '268742078082176', 'urlVersion': 3.0, 'messages': '请基于个股研究框架与输入图谱数据进行评测，只输出一个 JSON 对象，字段仅包含 score 和 reason。\n输入图谱数据：[{"father_chapter": "1", "id": "1.1", "abstract": "发展概况", "content": "分析公司主营业务定位、行业地位及核心业务板块构成。", "sample": "公司是3C和新能源汽车精密部件的核心供应商，人形机器人领域，获得北美头部客户认可[1]。", "source": "长盈精密(3001...<截断 15 字符>', '...': '还有 1 个字段'}}
2026-04-21 22:43:42,359 | DEBUG | individu****view.agent.runners.sse_runner | 发起请求: {'method': 'POST', 'url': 'https://pure.warrenq.com/nagent/cloudtest/chat/v2/agent/outside/sse/completions', 'headers': {'AuthCode': '****'}, 'json': {'botId': '268742034725344', 'userId': '268742034726368', 'conversationId': '268742078082176', 'urlVersion': 3.0, 'messages': '请基于个股研究框架与输入图谱数据进行评测，只输出一个 JSON 对象，字段仅包含 score 和 reason。\n输入图谱数据：[{"father_chapter": "1", "id": "1.1", "abstract": "发展概况", "content": "分析公司主营业务定位、行业地位及核心业务板块构成。", "sample": "公司是3C和新能源汽车精密部件的核心供应商，人形机器人领域，获得北美头部客户认可[1]。", "source": "长盈精密(3001...<截断 15 字符>', '...': '还有 1 个字段'}, 'timeout': 600}
2026-04-21 22:43:42,360 | DEBUG | individu****view.agent.gf.stockGraph | 调用 GF 智能体: {'session': {'sessionName': '新对话', 'sessionType': 'agent', 'chatType': 'agent_chat_debug', 'agentId': '268742034726368', 'agentBatchId': '268742034725344'}, 'agent': {'botId': '268742034725344', 'userId': '268742034726368', 'conversationId': '268742078082176', 'urlVersion': 3.0, 'messages': '请基于个股研究框架与输入图谱数据进行评测，只输出一个 JSON 对象，字段仅包含 score 和 reason。\n输入图谱数据：[{"father_chapter": "1", "id": "1.1", "abstract": "发展概况", "content": "分析公司所属行业、主营业务模式及战略转型方向。", "sample": "公司所属行业为零售业（分类代码：F52）。从公司经营的主要产品以及经营模式来看，一般认为公司业务属于零售行业。主营业务为通过线下门店端+线...<截断 15 字符>', '...': '还有 1 个字段'}}
2026-04-21 22:43:42,361 | DEBUG | individu****view.agent.runners.sse_runner | 发起请求: {'method': 'POST', 'url': 'https://pure.warrenq.com/nagent/cloudtest/chat/v2/agent/outside/sse/completions', 'headers': {'AuthCode': '****'}, 'json': {'botId': '268742034725344', 'userId': '268742034726368', 'conversationId': '268742078082176', 'urlVersion': 3.0, 'messages': '请基于个股研究框架与输入图谱数据进行评测，只输出一个 JSON 对象，字段仅包含 score 和 reason。\n输入图谱数据：[{"father_chapter": "1", "id": "1.1", "abstract": "发展概况", "content": "分析公司所属行业、主营业务模式及战略转型方向。", "sample": "公司所属行业为零售业（分类代码：F52）。从公司经营的主要产品以及经营模式来看，一般认为公司业务属于零售行业。主营业务为通过线下门店端+线...<截断 15 字符>', '...': '还有 1 个字段'}, 'timeout': 600}
2026-04-21 22:43:42,362 | DEBUG | individu****view.agent.gf.stockGraph | 调用 GF 智能体: {'session': {'sessionName': '新对话', 'sessionType': 'agent', 'chatType': 'agent_chat_debug', 'agentId': '268742034726368', 'agentBatchId': '268742034725344'}, 'agent': {'botId': '268742034725344', 'userId': '268742034726368', 'conversationId': '268742078082176', 'urlVersion': 3.0, 'messages': '请基于个股研究框架与输入图谱数据进行评测，只输出一个 JSON 对象，字段仅包含 score 和 reason。\n输入图谱数据：[{"father_chapter": "1", "id": "1.1", "abstract": "发展概况", "content": "分析公司愿景、战略定位、核心业务板块构成及行业分类。", "sample": "公司始终坚守“成为最值得信赖的数智生态伙伴”的愿景，聚焦新能源、电动化、智能控制三大业务板块。根据《中国上市公司协会上市公司行业统计...<截断 15 字符>', '...': '还有 1 个字段'}}
2026-04-21 22:43:42,362 | DEBUG | individu****view.agent.runners.sse_runner | 发起请求: {'method': 'POST', 'url': 'https://pure.warrenq.com/nagent/cloudtest/chat/v2/agent/outside/sse/completions', 'headers': {'AuthCode': '****'}, 'json': {'botId': '268742034725344', 'userId': '268742034726368', 'conversationId': '268742078082176', 'urlVersion': 3.0, 'messages': '请基于个股研究框架与输入图谱数据进行评测，只输出一个 JSON 对象，字段仅包含 score 和 reason。\n输入图谱数据：[{"father_chapter": "1", "id": "1.1", "abstract": "发展概况", "content": "分析公司愿景、战略定位、核心业务板块构成及行业分类。", "sample": "公司始终坚守“成为最值得信赖的数智生态伙伴”的愿景，聚焦新能源、电动化、智能控制三大业务板块。根据《中国上市公司协会上市公司行业统计...<截断 15 字符>', '...': '还有 1 个字段'}, 'timeout': 600}
2026-04-21 22:43:42,843 | DEBUG | individu****view.agent.runners.sse_runner | HTTP POST https://pure.warrenq.com/nagent/cloudtest/chat/v2/agent/outside/sse/completions -> 200 (0.49s)
2026-04-21 22:43:42,861 | DEBUG | individu****view.agent.runners.sse_runner | HTTP POST https://pure.warrenq.com/nagent/cloudtest/chat/v2/agent/outside/sse/completions -> 200 (0.50s)
2026-04-21 22:43:42,972 | DEBUG | individu****view.agent.runners.sse_runner | HTTP POST https://pure.warrenq.com/nagent/cloudtest/chat/v2/agent/outside/sse/completions -> 200 (0.62s)
2026-04-21 22:43:42,975 | DEBUG | individu****view.agent.runners.sse_runner | HTTP POST https://pure.warrenq.com/nagent/cloudtest/chat/v2/agent/outside/sse/completions -> 200 (0.61s)
2026-04-21 22:43:42,997 | DEBUG | individu****view.agent.runners.sse_runner | HTTP POST https://pure.warrenq.com/nagent/cloudtest/chat/v2/agent/outside/sse/completions -> 200 (0.64s)
2026-04-21 22:46:31,466 | INFO | individu****view.pipelines.stock_graph_eval | stockGraph 评测完成，结果条数=5
2026-04-21 23:02:10,567 | DEBUG | individu****view.agent.providers.gf_platform | 构建 GF 智能体: agent_key=stockGraph session_key=gfGetSession
2026-04-21 23:02:26,014 | DEBUG | individu****view.agent.providers.gf_platform | 构建 GF 智能体: agent_key=stockGraph session_key=gfGetSession
2026-04-21 23:02:26,031 | DEBUG | individu****view.agent.gf.stockGraph | 调用 GF 智能体: {'session': {'sessionName': '新对话', 'sessionType': 'agent', 'chatType': 'agent_chat_debug', 'agentId': '268742034726368', 'agentBatchId': '268742034725344'}, 'agent': {'botId': '268742034725344', 'userId': '268742034726368', 'conversationId': '268742078082176', 'urlVersion': 3.0, 'messages': '请基于个股研究框架与输入图谱数据进行评测，只输出一个 JSON 对象，字段仅包含 score 和 reason。\n输入图谱数据：[{"father_chapter": "1", "id": "1.1", "abstract": "发展概况", "content": "描述公司主营业务定位、主要服务领域及行业布局。", "sample": "公司主营业务为精密模具、注塑零部件的设计、开发、制造及销售。公司主要产品广泛应用于家电、汽车配套零部件及医疗健康领域。公司在全国建有广州、...<截断 15 字符>', '...': '还有 1 个字段'}}
2026-04-21 23:02:26,032 | DEBUG | individu****view.agent.runners.sse_runner | 发起请求: {'method': 'POST', 'url': 'https://pure.warrenq.com/nagent/cloudtest/chat/v2/agent/outside/sse/completions', 'headers': {'AuthCode': '****'}, 'json': {'botId': '268742034725344', 'userId': '268742034726368', 'conversationId': '268742078082176', 'urlVersion': 3.0, 'messages': '请基于个股研究框架与输入图谱数据进行评测，只输出一个 JSON 对象，字段仅包含 score 和 reason。\n输入图谱数据：[{"father_chapter": "1", "id": "1.1", "abstract": "发展概况", "content": "描述公司主营业务定位、主要服务领域及行业布局。", "sample": "公司主营业务为精密模具、注塑零部件的设计、开发、制造及销售。公司主要产品广泛应用于家电、汽车配套零部件及医疗健康领域。公司在全国建有广州、...<截断 15 字符>', '...': '还有 1 个字段'}, 'timeout': 600}
2026-04-21 23:02:26,033 | DEBUG | individu****view.agent.gf.stockGraph | 调用 GF 智能体: {'session': {'sessionName': '新对话', 'sessionType': 'agent', 'chatType': 'agent_chat_debug', 'agentId': '268742034726368', 'agentBatchId': '268742034725344'}, 'agent': {'botId': '268742034725344', 'userId': '268742034726368', 'conversationId': '268742078082176', 'urlVersion': 3.0, 'messages': '请基于个股研究框架与输入图谱数据进行评测，只输出一个 JSON 对象，字段仅包含 score 和 reason。\n输入图谱数据：[{"father_chapter": "1", "id": "1.1", "abstract": "发展概况", "content": "说明公司的成立背景、行业地位及主要经营领域。", "sample": "中芯国际集成电路制造有限公司是一家集成电路制造企业。", "source": "中芯国际：中芯国际2025年第三季度报告", "status...<截断 15 字符>', '...': '还有 1 个字段'}}
2026-04-21 23:02:26,034 | DEBUG | individu****view.agent.runners.sse_runner | 发起请求: {'method': 'POST', 'url': 'https://pure.warrenq.com/nagent/cloudtest/chat/v2/agent/outside/sse/completions', 'headers': {'AuthCode': '****'}, 'json': {'botId': '268742034725344', 'userId': '268742034726368', 'conversationId': '268742078082176', 'urlVersion': 3.0, 'messages': '请基于个股研究框架与输入图谱数据进行评测，只输出一个 JSON 对象，字段仅包含 score 和 reason。\n输入图谱数据：[{"father_chapter": "1", "id": "1.1", "abstract": "发展概况", "content": "说明公司的成立背景、行业地位及主要经营领域。", "sample": "中芯国际集成电路制造有限公司是一家集成电路制造企业。", "source": "中芯国际：中芯国际2025年第三季度报告", "status...<截断 15 字符>', '...': '还有 1 个字段'}, 'timeout': 600}
2026-04-21 23:02:26,037 | DEBUG | individu****view.agent.gf.stockGraph | 调用 GF 智能体: {'session': {'sessionName': '新对话', 'sessionType': 'agent', 'chatType': 'agent_chat_debug', 'agentId': '268742034726368', 'agentBatchId': '268742034725344'}, 'agent': {'botId': '268742034725344', 'userId': '268742034726368', 'conversationId': '268742078082176', 'urlVersion': 3.0, 'messages': '请基于个股研究框架与输入图谱数据进行评测，只输出一个 JSON 对象，字段仅包含 score 和 reason。\n输入图谱数据：[{"father_chapter": "1", "id": "1.1", "abstract": "发展概况", "content": "分析公司主营业务定位、行业地位及核心业务板块构成。", "sample": "公司是3C和新能源汽车精密部件的核心供应商，人形机器人领域，获得北美头部客户认可[1]。", "source": "长盈精密(3001...<截断 15 字符>', '...': '还有 1 个字段'}}
2026-04-21 23:02:26,038 | DEBUG | individu****view.agent.runners.sse_runner | 发起请求: {'method': 'POST', 'url': 'https://pure.warrenq.com/nagent/cloudtest/chat/v2/agent/outside/sse/completions', 'headers': {'AuthCode': '****'}, 'json': {'botId': '268742034725344', 'userId': '268742034726368', 'conversationId': '268742078082176', 'urlVersion': 3.0, 'messages': '请基于个股研究框架与输入图谱数据进行评测，只输出一个 JSON 对象，字段仅包含 score 和 reason。\n输入图谱数据：[{"father_chapter": "1", "id": "1.1", "abstract": "发展概况", "content": "分析公司主营业务定位、行业地位及核心业务板块构成。", "sample": "公司是3C和新能源汽车精密部件的核心供应商，人形机器人领域，获得北美头部客户认可[1]。", "source": "长盈精密(3001...<截断 15 字符>', '...': '还有 1 个字段'}, 'timeout': 600}
2026-04-21 23:02:26,039 | DEBUG | individu****view.agent.gf.stockGraph | 调用 GF 智能体: {'session': {'sessionName': '新对话', 'sessionType': 'agent', 'chatType': 'agent_chat_debug', 'agentId': '268742034726368', 'agentBatchId': '268742034725344'}, 'agent': {'botId': '268742034725344', 'userId': '268742034726368', 'conversationId': '268742078082176', 'urlVersion': 3.0, 'messages': '请基于个股研究框架与输入图谱数据进行评测，只输出一个 JSON 对象，字段仅包含 score 和 reason。\n输入图谱数据：[{"father_chapter": "1", "id": "1.1", "abstract": "发展概况", "content": "分析公司所属行业、主营业务模式及战略转型方向。", "sample": "公司所属行业为零售业（分类代码：F52）。从公司经营的主要产品以及经营模式来看，一般认为公司业务属于零售行业。主营业务为通过线下门店端+线...<截断 15 字符>', '...': '还有 1 个字段'}}
2026-04-21 23:02:26,040 | DEBUG | individu****view.agent.runners.sse_runner | 发起请求: {'method': 'POST', 'url': 'https://pure.warrenq.com/nagent/cloudtest/chat/v2/agent/outside/sse/completions', 'headers': {'AuthCode': '****'}, 'json': {'botId': '268742034725344', 'userId': '268742034726368', 'conversationId': '268742078082176', 'urlVersion': 3.0, 'messages': '请基于个股研究框架与输入图谱数据进行评测，只输出一个 JSON 对象，字段仅包含 score 和 reason。\n输入图谱数据：[{"father_chapter": "1", "id": "1.1", "abstract": "发展概况", "content": "分析公司所属行业、主营业务模式及战略转型方向。", "sample": "公司所属行业为零售业（分类代码：F52）。从公司经营的主要产品以及经营模式来看，一般认为公司业务属于零售行业。主营业务为通过线下门店端+线...<截断 15 字符>', '...': '还有 1 个字段'}, 'timeout': 600}
2026-04-21 23:02:26,041 | DEBUG | individu****view.agent.gf.stockGraph | 调用 GF 智能体: {'session': {'sessionName': '新对话', 'sessionType': 'agent', 'chatType': 'agent_chat_debug', 'agentId': '268742034726368', 'agentBatchId': '268742034725344'}, 'agent': {'botId': '268742034725344', 'userId': '268742034726368', 'conversationId': '268742078082176', 'urlVersion': 3.0, 'messages': '请基于个股研究框架与输入图谱数据进行评测，只输出一个 JSON 对象，字段仅包含 score 和 reason。\n输入图谱数据：[{"father_chapter": "1", "id": "1.1", "abstract": "发展概况", "content": "分析公司愿景、战略定位、核心业务板块构成及行业分类。", "sample": "公司始终坚守“成为最值得信赖的数智生态伙伴”的愿景，聚焦新能源、电动化、智能控制三大业务板块。根据《中国上市公司协会上市公司行业统计...<截断 15 字符>', '...': '还有 1 个字段'}}
2026-04-21 23:02:26,041 | DEBUG | individu****view.agent.runners.sse_runner | 发起请求: {'method': 'POST', 'url': 'https://pure.warrenq.com/nagent/cloudtest/chat/v2/agent/outside/sse/completions', 'headers': {'AuthCode': '****'}, 'json': {'botId': '268742034725344', 'userId': '268742034726368', 'conversationId': '268742078082176', 'urlVersion': 3.0, 'messages': '请基于个股研究框架与输入图谱数据进行评测，只输出一个 JSON 对象，字段仅包含 score 和 reason。\n输入图谱数据：[{"father_chapter": "1", "id": "1.1", "abstract": "发展概况", "content": "分析公司愿景、战略定位、核心业务板块构成及行业分类。", "sample": "公司始终坚守“成为最值得信赖的数智生态伙伴”的愿景，聚焦新能源、电动化、智能控制三大业务板块。根据《中国上市公司协会上市公司行业统计...<截断 15 字符>', '...': '还有 1 个字段'}, 'timeout': 600}
2026-04-21 23:02:27,983 | DEBUG | individu****view.agent.runners.sse_runner | HTTP POST https://pure.warrenq.com/nagent/cloudtest/chat/v2/agent/outside/sse/completions -> 200 (1.95s)
2026-04-21 23:02:27,987 | DEBUG | individu****view.agent.runners.sse_runner | HTTP POST https://pure.warrenq.com/nagent/cloudtest/chat/v2/agent/outside/sse/completions -> 200 (1.95s)
2026-04-21 23:02:28,075 | DEBUG | individu****view.agent.runners.sse_runner | HTTP POST https://pure.warrenq.com/nagent/cloudtest/chat/v2/agent/outside/sse/completions -> 200 (2.04s)
2026-04-21 23:02:28,168 | DEBUG | individu****view.agent.runners.sse_runner | HTTP POST https://pure.warrenq.com/nagent/cloudtest/chat/v2/agent/outside/sse/completions -> 200 (2.13s)
2026-04-21 23:02:28,171 | DEBUG | individu****view.agent.runners.sse_runner | HTTP POST https://pure.warrenq.com/nagent/cloudtest/chat/v2/agent/outside/sse/completions -> 200 (2.14s)
2026-04-21 23:04:16,291 | INFO | individu****view.pipelines.stock_graph_eval | stockGraph 评测完成，结果条数=5
2026-04-21 23:15:58,420 | DEBUG | individu****view.agent.providers.gf_platform | 构建 GF 智能体: agent_key=stockGraph session_key=gfGetSession
2026-04-21 23:15:58,440 | DEBUG | individu****view.agent.gf.stockGraph | 调用 GF 智能体: {'session': {'sessionName': '新对话', 'sessionType': 'agent', 'chatType': 'agent_chat_debug', 'agentId': '268742034726368', 'agentBatchId': '268742034725344'}, 'agent': {'botId': '268742034725344', 'userId': '268742034726368', 'conversationId': '268742078082176', 'urlVersion': 3.0, 'messages': '请基于个股研究框架与输入图谱数据进行评测，只输出一个 JSON 对象，字段仅包含 score 和 reason。\n输入图谱数据：[{"father_chapter": "1", "id": "1.1", "abstract": "发展概况", "content": "描述公司主营业务定位、主要服务领域及行业布局。", "sample": "公司主营业务为精密模具、注塑零部件的设计、开发、制造及销售。公司主要产品广泛应用于家电、汽车配套零部件及医疗健康领域。公司在全国建有广州、...<截断 15 字符>', '...': '还有 1 个字段'}}
2026-04-21 23:15:58,440 | DEBUG | individu****view.agent.runners.sse_runner | 发起请求: {'method': 'POST', 'url': 'https://pure.warrenq.com/nagent/cloudtest/chat/v2/agent/outside/sse/completions', 'headers': {'AuthCode': '****'}, 'json': {'botId': '268742034725344', 'userId': '268742034726368', 'conversationId': '268742078082176', 'urlVersion': 3.0, 'messages': '请基于个股研究框架与输入图谱数据进行评测，只输出一个 JSON 对象，字段仅包含 score 和 reason。\n输入图谱数据：[{"father_chapter": "1", "id": "1.1", "abstract": "发展概况", "content": "描述公司主营业务定位、主要服务领域及行业布局。", "sample": "公司主营业务为精密模具、注塑零部件的设计、开发、制造及销售。公司主要产品广泛应用于家电、汽车配套零部件及医疗健康领域。公司在全国建有广州、...<截断 15 字符>', '...': '还有 1 个字段'}, 'timeout': 600}
2026-04-21 23:15:58,442 | DEBUG | individu****view.agent.gf.stockGraph | 调用 GF 智能体: {'session': {'sessionName': '新对话', 'sessionType': 'agent', 'chatType': 'agent_chat_debug', 'agentId': '268742034726368', 'agentBatchId': '268742034725344'}, 'agent': {'botId': '268742034725344', 'userId': '268742034726368', 'conversationId': '268742078082176', 'urlVersion': 3.0, 'messages': '请基于个股研究框架与输入图谱数据进行评测，只输出一个 JSON 对象，字段仅包含 score 和 reason。\n输入图谱数据：[{"father_chapter": "1", "id": "1.1", "abstract": "发展概况", "content": "说明公司的成立背景、行业地位及主要经营领域。", "sample": "中芯国际集成电路制造有限公司是一家集成电路制造企业。", "source": "中芯国际：中芯国际2025年第三季度报告", "status...<截断 15 字符>', '...': '还有 1 个字段'}}
2026-04-21 23:15:58,443 | DEBUG | individu****view.agent.runners.sse_runner | 发起请求: {'method': 'POST', 'url': 'https://pure.warrenq.com/nagent/cloudtest/chat/v2/agent/outside/sse/completions', 'headers': {'AuthCode': '****'}, 'json': {'botId': '268742034725344', 'userId': '268742034726368', 'conversationId': '268742078082176', 'urlVersion': 3.0, 'messages': '请基于个股研究框架与输入图谱数据进行评测，只输出一个 JSON 对象，字段仅包含 score 和 reason。\n输入图谱数据：[{"father_chapter": "1", "id": "1.1", "abstract": "发展概况", "content": "说明公司的成立背景、行业地位及主要经营领域。", "sample": "中芯国际集成电路制造有限公司是一家集成电路制造企业。", "source": "中芯国际：中芯国际2025年第三季度报告", "status...<截断 15 字符>', '...': '还有 1 个字段'}, 'timeout': 600}
2026-04-21 23:15:58,444 | DEBUG | individu****view.agent.gf.stockGraph | 调用 GF 智能体: {'session': {'sessionName': '新对话', 'sessionType': 'agent', 'chatType': 'agent_chat_debug', 'agentId': '268742034726368', 'agentBatchId': '268742034725344'}, 'agent': {'botId': '268742034725344', 'userId': '268742034726368', 'conversationId': '268742078082176', 'urlVersion': 3.0, 'messages': '请基于个股研究框架与输入图谱数据进行评测，只输出一个 JSON 对象，字段仅包含 score 和 reason。\n输入图谱数据：[{"father_chapter": "1", "id": "1.1", "abstract": "发展概况", "content": "分析公司主营业务定位、行业地位及核心业务板块构成。", "sample": "公司是3C和新能源汽车精密部件的核心供应商，人形机器人领域，获得北美头部客户认可[1]。", "source": "长盈精密(3001...<截断 15 字符>', '...': '还有 1 个字段'}}
2026-04-21 23:15:58,444 | DEBUG | individu****view.agent.runners.sse_runner | 发起请求: {'method': 'POST', 'url': 'https://pure.warrenq.com/nagent/cloudtest/chat/v2/agent/outside/sse/completions', 'headers': {'AuthCode': '****'}, 'json': {'botId': '268742034725344', 'userId': '268742034726368', 'conversationId': '268742078082176', 'urlVersion': 3.0, 'messages': '请基于个股研究框架与输入图谱数据进行评测，只输出一个 JSON 对象，字段仅包含 score 和 reason。\n输入图谱数据：[{"father_chapter": "1", "id": "1.1", "abstract": "发展概况", "content": "分析公司主营业务定位、行业地位及核心业务板块构成。", "sample": "公司是3C和新能源汽车精密部件的核心供应商，人形机器人领域，获得北美头部客户认可[1]。", "source": "长盈精密(3001...<截断 15 字符>', '...': '还有 1 个字段'}, 'timeout': 600}
2026-04-21 23:15:58,446 | DEBUG | individu****view.agent.gf.stockGraph | 调用 GF 智能体: {'session': {'sessionName': '新对话', 'sessionType': 'agent', 'chatType': 'agent_chat_debug', 'agentId': '268742034726368', 'agentBatchId': '268742034725344'}, 'agent': {'botId': '268742034725344', 'userId': '268742034726368', 'conversationId': '268742078082176', 'urlVersion': 3.0, 'messages': '请基于个股研究框架与输入图谱数据进行评测，只输出一个 JSON 对象，字段仅包含 score 和 reason。\n输入图谱数据：[{"father_chapter": "1", "id": "1.1", "abstract": "发展概况", "content": "分析公司所属行业、主营业务模式及战略转型方向。", "sample": "公司所属行业为零售业（分类代码：F52）。从公司经营的主要产品以及经营模式来看，一般认为公司业务属于零售行业。主营业务为通过线下门店端+线...<截断 15 字符>', '...': '还有 1 个字段'}}
2026-04-21 23:15:58,447 | DEBUG | individu****view.agent.runners.sse_runner | 发起请求: {'method': 'POST', 'url': 'https://pure.warrenq.com/nagent/cloudtest/chat/v2/agent/outside/sse/completions', 'headers': {'AuthCode': '****'}, 'json': {'botId': '268742034725344', 'userId': '268742034726368', 'conversationId': '268742078082176', 'urlVersion': 3.0, 'messages': '请基于个股研究框架与输入图谱数据进行评测，只输出一个 JSON 对象，字段仅包含 score 和 reason。\n输入图谱数据：[{"father_chapter": "1", "id": "1.1", "abstract": "发展概况", "content": "分析公司所属行业、主营业务模式及战略转型方向。", "sample": "公司所属行业为零售业（分类代码：F52）。从公司经营的主要产品以及经营模式来看，一般认为公司业务属于零售行业。主营业务为通过线下门店端+线...<截断 15 字符>', '...': '还有 1 个字段'}, 'timeout': 600}
2026-04-21 23:15:58,448 | DEBUG | individu****view.agent.gf.stockGraph | 调用 GF 智能体: {'session': {'sessionName': '新对话', 'sessionType': 'agent', 'chatType': 'agent_chat_debug', 'agentId': '268742034726368', 'agentBatchId': '268742034725344'}, 'agent': {'botId': '268742034725344', 'userId': '268742034726368', 'conversationId': '268742078082176', 'urlVersion': 3.0, 'messages': '请基于个股研究框架与输入图谱数据进行评测，只输出一个 JSON 对象，字段仅包含 score 和 reason。\n输入图谱数据：[{"father_chapter": "1", "id": "1.1", "abstract": "发展概况", "content": "分析公司愿景、战略定位、核心业务板块构成及行业分类。", "sample": "公司始终坚守“成为最值得信赖的数智生态伙伴”的愿景，聚焦新能源、电动化、智能控制三大业务板块。根据《中国上市公司协会上市公司行业统计...<截断 15 字符>', '...': '还有 1 个字段'}}
2026-04-21 23:15:58,449 | DEBUG | individu****view.agent.runners.sse_runner | 发起请求: {'method': 'POST', 'url': 'https://pure.warrenq.com/nagent/cloudtest/chat/v2/agent/outside/sse/completions', 'headers': {'AuthCode': '****'}, 'json': {'botId': '268742034725344', 'userId': '268742034726368', 'conversationId': '268742078082176', 'urlVersion': 3.0, 'messages': '请基于个股研究框架与输入图谱数据进行评测，只输出一个 JSON 对象，字段仅包含 score 和 reason。\n输入图谱数据：[{"father_chapter": "1", "id": "1.1", "abstract": "发展概况", "content": "分析公司愿景、战略定位、核心业务板块构成及行业分类。", "sample": "公司始终坚守“成为最值得信赖的数智生态伙伴”的愿景，聚焦新能源、电动化、智能控制三大业务板块。根据《中国上市公司协会上市公司行业统计...<截断 15 字符>', '...': '还有 1 个字段'}, 'timeout': 600}
2026-04-21 23:15:58,957 | DEBUG | individu****view.agent.runners.sse_runner | HTTP POST https://pure.warrenq.com/nagent/cloudtest/chat/v2/agent/outside/sse/completions -> 200 (0.51s)
2026-04-21 23:15:58,974 | DEBUG | individu****view.agent.runners.sse_runner | HTTP POST https://pure.warrenq.com/nagent/cloudtest/chat/v2/agent/outside/sse/completions -> 200 (0.53s)
2026-04-21 23:15:59,035 | DEBUG | individu****view.agent.runners.sse_runner | HTTP POST https://pure.warrenq.com/nagent/cloudtest/chat/v2/agent/outside/sse/completions -> 200 (0.59s)
2026-04-21 23:15:59,039 | DEBUG | individu****view.agent.runners.sse_runner | HTTP POST https://pure.warrenq.com/nagent/cloudtest/chat/v2/agent/outside/sse/completions -> 200 (0.59s)
2026-04-21 23:15:59,093 | DEBUG | individu****view.agent.runners.sse_runner | HTTP POST https://pure.warrenq.com/nagent/cloudtest/chat/v2/agent/outside/sse/completions -> 200 (0.64s)
2026-04-21 23:16:30,276 | ERROR | individu****view.agent.runners.sse_runner | 请求失败: {'method': 'POST', 'url': 'https://pure.warrenq.com/nagent/cloudtest/chat/v2/agent/outside/sse/completions', 'headers': {'AuthCode': '****'}, 'json': {'botId': '268742034725344', 'userId': '268742034726368', 'conversationId': '268742078082176', 'urlVersion': 3.0, 'messages': '请基于个股研究框架与输入图谱数据进行评测，只输出一个 JSON 对象，字段仅包含 score 和 reason。\n输入图谱数据：[{"father_chapter": "1", "id": "1.1", "abstract": "发展概况", "content": "描述公司主营业务定位、主要服务领域及行业布局。", "sample": "公司主营业务为精密模具、注塑零部件的设计、开发、制造及销售。公司主要产品广泛应用于家电、汽车配套零部件及医疗健康领域。公司在全国建有广州、...<截断 15 字符>', '...': '还有 1 个字段'}, 'timeout': None}
Traceback (most recent call last):
  File "/home/customTest/miniconda3/lib/python3.13/asyncio/runners.py", line 195, in run
    return runner.run(main)
           ~~~~~~~~~~^^^^^^
  File "/home/customTest/miniconda3/lib/python3.13/asyncio/runners.py", line 118, in run
    return self._loop.run_until_complete(task)
           ~~~~~~~~~~~~~~~~~~~~~~~~~~~~~^^^^^^
  File "/home/customTest/miniconda3/lib/python3.13/asyncio/base_events.py", line 725, in run_until_complete
    return future.result()
           ~~~~~~~~~~~~~^^
  File "/home/customTest/individu****view/pipelines/stock_graph_eval.py", line 361, in evaluate_async
    await asyncio.gather(*tasks)
  File "/home/customTest/individu****view/pipelines/stock_graph_eval.py", line 357, in worker
    await advance_progress("success" if result.get("isSucess") else "failed")
  File "/home/customTest/individu****view/pipelines/stock_graph_eval.py", line 340, in advance_progress
    self._print_progress(
    ^^^^^^^^^^^^^^^^^^^^
AttributeError: 'StockGra****line' object has no attribute '_print_progress'

During handling of the above exception, another exception occurred:

Traceback (most recent call last):
  File "/home/customTest/individu****view/agent/runners/sse_runner.py", line 171, in apiRequestAsync
    result = await fun(response, *args, **kwargs)
             ^^^^^^^^^^^^^^^^^^^^^^^^^^^^^^^^^^^^
  File "/home/customTest/individu****view/agent/runners/sse_runner.py", line 220, in jsonAnswerAsync
    raise RuntimeError("流式结果获取异常")
RuntimeError: 流式结果获取异常
2026-04-21 23:16:30,283 | WARNING | individu****view.agent.runners.sse_runner | 请求重试耗尽: {'method': 'POST', 'url': 'https://pure.warrenq.com/nagent/cloudtest/chat/v2/agent/outside/sse/completions', 'headers': {'AuthCode': '****'}, 'json': {'botId': '268742034725344', 'userId': '268742034726368', 'conversationId': '268742078082176', 'urlVersion': 3.0, 'messages': '请基于个股研究框架与输入图谱数据进行评测，只输出一个 JSON 对象，字段仅包含 score 和 reason。\n输入图谱数据：[{"father_chapter": "1", "id": "1.1", "abstract": "发展概况", "content": "描述公司主营业务定位、主要服务领域及行业布局。", "sample": "公司主营业务为精密模具、注塑零部件的设计、开发、制造及销售。公司主要产品广泛应用于家电、汽车配套零部件及医疗健康领域。公司在全国建有广州、...<截断 15 字符>', '...': '还有 1 个字段'}, 'timeout': 600}
2026-04-21 23:16:30,283 | DEBUG | individu****view.agent.gf.stockGraph | 调用 GF 智能体: {'session': {'sessionName': '新对话', 'sessionType': 'agent', 'chatType': 'agent_chat_debug', 'agentId': '268742034726368', 'agentBatchId': '268742034725344'}, 'agent': {'botId': '268742034725344', 'userId': '268742034726368', 'conversationId': '268742078082176', 'urlVersion': 3.0, 'messages': '请基于个股研究框架与输入图谱数据进行评测，只输出一个 JSON 对象，字段仅包含 score 和 reason。\n输入图谱数据：[{"father_chapter": "1", "id": "1.1", "abstract": "发展概况", "content": "描述公司主营业务定位、主要服务领域及行业布局。", "sample": "公司主营业务为精密模具、注塑零部件的设计、开发、制造及销售。公司主要产品广泛应用于家电、汽车配套零部件及医疗健康领域。公司在全国建有广州、...<截断 15 字符>', '...': '还有 1 个字段'}}
2026-04-21 23:16:30,284 | DEBUG | individu****view.agent.runners.sse_runner | 发起请求: {'method': 'POST', 'url': 'https://pure.warrenq.com/nagent/cloudtest/chat/v2/agent/outside/sse/completions', 'headers': {'AuthCode': '****'}, 'json': {'botId': '268742034725344', 'userId': '268742034726368', 'conversationId': '268742078082176', 'urlVersion': 3.0, 'messages': '请基于个股研究框架与输入图谱数据进行评测，只输出一个 JSON 对象，字段仅包含 score 和 reason。\n输入图谱数据：[{"father_chapter": "1", "id": "1.1", "abstract": "发展概况", "content": "描述公司主营业务定位、主要服务领域及行业布局。", "sample": "公司主营业务为精密模具、注塑零部件的设计、开发、制造及销售。公司主要产品广泛应用于家电、汽车配套零部件及医疗健康领域。公司在全国建有广州、...<截断 15 字符>', '...': '还有 1 个字段'}, 'timeout': 600}
2026-04-21 23:16:30,286 | ERROR | individu****view.agent.runners.sse_runner | 请求失败: {'method': 'POST', 'url': 'https://pure.warrenq.com/nagent/cloudtest/chat/v2/agent/outside/sse/completions', 'headers': {'AuthCode': '****'}, 'json': {'botId': '268742034725344', 'userId': '268742034726368', 'conversationId': '268742078082176', 'urlVersion': 3.0, 'messages': '请基于个股研究框架与输入图谱数据进行评测，只输出一个 JSON 对象，字段仅包含 score 和 reason。\n输入图谱数据：[{"father_chapter": "1", "id": "1.1", "abstract": "发展概况", "content": "分析公司愿景、战略定位、核心业务板块构成及行业分类。", "sample": "公司始终坚守“成为最值得信赖的数智生态伙伴”的愿景，聚焦新能源、电动化、智能控制三大业务板块。根据《中国上市公司协会上市公司行业统计...<截断 15 字符>', '...': '还有 1 个字段'}, 'timeout': None}
Traceback (most recent call last):
  File "/home/customTest/miniconda3/lib/python3.13/asyncio/runners.py", line 195, in run
    return runner.run(main)
           ~~~~~~~~~~^^^^^^
  File "/home/customTest/miniconda3/lib/python3.13/asyncio/runners.py", line 118, in run
    return self._loop.run_until_complete(task)
           ~~~~~~~~~~~~~~~~~~~~~~~~~~~~~^^^^^^
  File "/home/customTest/miniconda3/lib/python3.13/asyncio/base_events.py", line 725, in run_until_complete
    return future.result()
           ~~~~~~~~~~~~~^^
  File "/home/customTest/individu****view/pipelines/stock_graph_eval.py", line 361, in evaluate_async
    await asyncio.gather(*tasks)
  File "/home/customTest/individu****view/pipelines/stock_graph_eval.py", line 357, in worker
    await advance_progress("success" if result.get("isSucess") else "failed")
  File "/home/customTest/individu****view/pipelines/stock_graph_eval.py", line 340, in advance_progress
    self._print_progress(
    ^^^^^^^^^^^^^^^^^^^^
AttributeError: 'StockGra****line' object has no attribute '_print_progress'

During handling of the above exception, another exception occurred:

Traceback (most recent call last):
  File "/home/customTest/individu****view/agent/runners/sse_runner.py", line 171, in apiRequestAsync
    result = await fun(response, *args, **kwargs)
             ^^^^^^^^^^^^^^^^^^^^^^^^^^^^^^^^^^^^
  File "/home/customTest/individu****view/agent/runners/sse_runner.py", line 220, in jsonAnswerAsync
    raise RuntimeError("流式结果获取异常")
RuntimeError: 流式结果获取异常
2026-04-21 23:16:30,289 | WARNING | individu****view.agent.runners.sse_runner | 请求重试耗尽: {'method': 'POST', 'url': 'https://pure.warrenq.com/nagent/cloudtest/chat/v2/agent/outside/sse/completions', 'headers': {'AuthCode': '****'}, 'json': {'botId': '268742034725344', 'userId': '268742034726368', 'conversationId': '268742078082176', 'urlVersion': 3.0, 'messages': '请基于个股研究框架与输入图谱数据进行评测，只输出一个 JSON 对象，字段仅包含 score 和 reason。\n输入图谱数据：[{"father_chapter": "1", "id": "1.1", "abstract": "发展概况", "content": "分析公司愿景、战略定位、核心业务板块构成及行业分类。", "sample": "公司始终坚守“成为最值得信赖的数智生态伙伴”的愿景，聚焦新能源、电动化、智能控制三大业务板块。根据《中国上市公司协会上市公司行业统计...<截断 15 字符>', '...': '还有 1 个字段'}, 'timeout': 600}
2026-04-21 23:16:30,290 | DEBUG | individu****view.agent.gf.stockGraph | 调用 GF 智能体: {'session': {'sessionName': '新对话', 'sessionType': 'agent', 'chatType': 'agent_chat_debug', 'agentId': '268742034726368', 'agentBatchId': '268742034725344'}, 'agent': {'botId': '268742034725344', 'userId': '268742034726368', 'conversationId': '268742078082176', 'urlVersion': 3.0, 'messages': '请基于个股研究框架与输入图谱数据进行评测，只输出一个 JSON 对象，字段仅包含 score 和 reason。\n输入图谱数据：[{"father_chapter": "1", "id": "1.1", "abstract": "发展概况", "content": "分析公司愿景、战略定位、核心业务板块构成及行业分类。", "sample": "公司始终坚守“成为最值得信赖的数智生态伙伴”的愿景，聚焦新能源、电动化、智能控制三大业务板块。根据《中国上市公司协会上市公司行业统计...<截断 15 字符>', '...': '还有 1 个字段'}}
2026-04-21 23:16:30,291 | DEBUG | individu****view.agent.runners.sse_runner | 发起请求: {'method': 'POST', 'url': 'https://pure.warrenq.com/nagent/cloudtest/chat/v2/agent/outside/sse/completions', 'headers': {'AuthCode': '****'}, 'json': {'botId': '268742034725344', 'userId': '268742034726368', 'conversationId': '268742078082176', 'urlVersion': 3.0, 'messages': '请基于个股研究框架与输入图谱数据进行评测，只输出一个 JSON 对象，字段仅包含 score 和 reason。\n输入图谱数据：[{"father_chapter": "1", "id": "1.1", "abstract": "发展概况", "content": "分析公司愿景、战略定位、核心业务板块构成及行业分类。", "sample": "公司始终坚守“成为最值得信赖的数智生态伙伴”的愿景，聚焦新能源、电动化、智能控制三大业务板块。根据《中国上市公司协会上市公司行业统计...<截断 15 字符>', '...': '还有 1 个字段'}, 'timeout': 600}
2026-04-21 23:16:30,292 | ERROR | individu****view.agent.runners.sse_runner | 请求失败: {'method': 'POST', 'url': 'https://pure.warrenq.com/nagent/cloudtest/chat/v2/agent/outside/sse/completions', 'headers': {'AuthCode': '****'}, 'json': {'botId': '268742034725344', 'userId': '268742034726368', 'conversationId': '268742078082176', 'urlVersion': 3.0, 'messages': '请基于个股研究框架与输入图谱数据进行评测，只输出一个 JSON 对象，字段仅包含 score 和 reason。\n输入图谱数据：[{"father_chapter": "1", "id": "1.1", "abstract": "发展概况", "content": "说明公司的成立背景、行业地位及主要经营领域。", "sample": "中芯国际集成电路制造有限公司是一家集成电路制造企业。", "source": "中芯国际：中芯国际2025年第三季度报告", "status...<截断 15 字符>', '...': '还有 1 个字段'}, 'timeout': None}
Traceback (most recent call last):
  File "/home/customTest/miniconda3/lib/python3.13/asyncio/runners.py", line 195, in run
    return runner.run(main)
           ~~~~~~~~~~^^^^^^
  File "/home/customTest/miniconda3/lib/python3.13/asyncio/runners.py", line 118, in run
    return self._loop.run_until_complete(task)
           ~~~~~~~~~~~~~~~~~~~~~~~~~~~~~^^^^^^
  File "/home/customTest/miniconda3/lib/python3.13/asyncio/base_events.py", line 725, in run_until_complete
    return future.result()
           ~~~~~~~~~~~~~^^
  File "/home/customTest/individu****view/pipelines/stock_graph_eval.py", line 361, in evaluate_async
    await asyncio.gather(*tasks)
  File "/home/customTest/individu****view/pipelines/stock_graph_eval.py", line 357, in worker
    await advance_progress("success" if result.get("isSucess") else "failed")
  File "/home/customTest/individu****view/pipelines/stock_graph_eval.py", line 340, in advance_progress
    self._print_progress(
    ^^^^^^^^^^^^^^^^^^^^
AttributeError: 'StockGra****line' object has no attribute '_print_progress'

During handling of the above exception, another exception occurred:

Traceback (most recent call last):
  File "/home/customTest/individu****view/agent/runners/sse_runner.py", line 171, in apiRequestAsync
    result = await fun(response, *args, **kwargs)
             ^^^^^^^^^^^^^^^^^^^^^^^^^^^^^^^^^^^^
  File "/home/customTest/individu****view/agent/runners/sse_runner.py", line 220, in jsonAnswerAsync
    raise RuntimeError("流式结果获取异常")
RuntimeError: 流式结果获取异常
2026-04-21 23:16:30,295 | WARNING | individu****view.agent.runners.sse_runner | 请求重试耗尽: {'method': 'POST', 'url': 'https://pure.warrenq.com/nagent/cloudtest/chat/v2/agent/outside/sse/completions', 'headers': {'AuthCode': '****'}, 'json': {'botId': '268742034725344', 'userId': '268742034726368', 'conversationId': '268742078082176', 'urlVersion': 3.0, 'messages': '请基于个股研究框架与输入图谱数据进行评测，只输出一个 JSON 对象，字段仅包含 score 和 reason。\n输入图谱数据：[{"father_chapter": "1", "id": "1.1", "abstract": "发展概况", "content": "说明公司的成立背景、行业地位及主要经营领域。", "sample": "中芯国际集成电路制造有限公司是一家集成电路制造企业。", "source": "中芯国际：中芯国际2025年第三季度报告", "status...<截断 15 字符>', '...': '还有 1 个字段'}, 'timeout': 600}
2026-04-21 23:16:30,296 | DEBUG | individu****view.agent.gf.stockGraph | 调用 GF 智能体: {'session': {'sessionName': '新对话', 'sessionType': 'agent', 'chatType': 'agent_chat_debug', 'agentId': '268742034726368', 'agentBatchId': '268742034725344'}, 'agent': {'botId': '268742034725344', 'userId': '268742034726368', 'conversationId': '268742078082176', 'urlVersion': 3.0, 'messages': '请基于个股研究框架与输入图谱数据进行评测，只输出一个 JSON 对象，字段仅包含 score 和 reason。\n输入图谱数据：[{"father_chapter": "1", "id": "1.1", "abstract": "发展概况", "content": "说明公司的成立背景、行业地位及主要经营领域。", "sample": "中芯国际集成电路制造有限公司是一家集成电路制造企业。", "source": "中芯国际：中芯国际2025年第三季度报告", "status...<截断 15 字符>', '...': '还有 1 个字段'}}
2026-04-21 23:16:30,296 | DEBUG | individu****view.agent.runners.sse_runner | 发起请求: {'method': 'POST', 'url': 'https://pure.warrenq.com/nagent/cloudtest/chat/v2/agent/outside/sse/completions', 'headers': {'AuthCode': '****'}, 'json': {'botId': '268742034725344', 'userId': '268742034726368', 'conversationId': '268742078082176', 'urlVersion': 3.0, 'messages': '请基于个股研究框架与输入图谱数据进行评测，只输出一个 JSON 对象，字段仅包含 score 和 reason。\n输入图谱数据：[{"father_chapter": "1", "id": "1.1", "abstract": "发展概况", "content": "说明公司的成立背景、行业地位及主要经营领域。", "sample": "中芯国际集成电路制造有限公司是一家集成电路制造企业。", "source": "中芯国际：中芯国际2025年第三季度报告", "status...<截断 15 字符>', '...': '还有 1 个字段'}, 'timeout': 600}
2026-04-21 23:16:30,298 | ERROR | individu****view.agent.runners.sse_runner | 请求失败: {'method': 'POST', 'url': 'https://pure.warrenq.com/nagent/cloudtest/chat/v2/agent/outside/sse/completions', 'headers': {'AuthCode': '****'}, 'json': {'botId': '268742034725344', 'userId': '268742034726368', 'conversationId': '268742078082176', 'urlVersion': 3.0, 'messages': '请基于个股研究框架与输入图谱数据进行评测，只输出一个 JSON 对象，字段仅包含 score 和 reason。\n输入图谱数据：[{"father_chapter": "1", "id": "1.1", "abstract": "发展概况", "content": "分析公司所属行业、主营业务模式及战略转型方向。", "sample": "公司所属行业为零售业（分类代码：F52）。从公司经营的主要产品以及经营模式来看，一般认为公司业务属于零售行业。主营业务为通过线下门店端+线...<截断 15 字符>', '...': '还有 1 个字段'}, 'timeout': None}
Traceback (most recent call last):
  File "/home/customTest/miniconda3/lib/python3.13/asyncio/runners.py", line 195, in run
    return runner.run(main)
           ~~~~~~~~~~^^^^^^
  File "/home/customTest/miniconda3/lib/python3.13/asyncio/runners.py", line 118, in run
    return self._loop.run_until_complete(task)
           ~~~~~~~~~~~~~~~~~~~~~~~~~~~~~^^^^^^
  File "/home/customTest/miniconda3/lib/python3.13/asyncio/base_events.py", line 725, in run_until_complete
    return future.result()
           ~~~~~~~~~~~~~^^
  File "/home/customTest/individu****view/pipelines/stock_graph_eval.py", line 361, in evaluate_async
    await asyncio.gather(*tasks)
  File "/home/customTest/individu****view/pipelines/stock_graph_eval.py", line 357, in worker
    await advance_progress("success" if result.get("isSucess") else "failed")
  File "/home/customTest/individu****view/pipelines/stock_graph_eval.py", line 340, in advance_progress
    self._print_progress(
    ^^^^^^^^^^^^^^^^^^^^
AttributeError: 'StockGra****line' object has no attribute '_print_progress'

During handling of the above exception, another exception occurred:

Traceback (most recent call last):
  File "/home/customTest/individu****view/agent/runners/sse_runner.py", line 171, in apiRequestAsync
    result = await fun(response, *args, **kwargs)
             ^^^^^^^^^^^^^^^^^^^^^^^^^^^^^^^^^^^^
  File "/home/customTest/individu****view/agent/runners/sse_runner.py", line 220, in jsonAnswerAsync
    raise RuntimeError("流式结果获取异常")
RuntimeError: 流式结果获取异常
2026-04-21 23:16:30,301 | WARNING | individu****view.agent.runners.sse_runner | 请求重试耗尽: {'method': 'POST', 'url': 'https://pure.warrenq.com/nagent/cloudtest/chat/v2/agent/outside/sse/completions', 'headers': {'AuthCode': '****'}, 'json': {'botId': '268742034725344', 'userId': '268742034726368', 'conversationId': '268742078082176', 'urlVersion': 3.0, 'messages': '请基于个股研究框架与输入图谱数据进行评测，只输出一个 JSON 对象，字段仅包含 score 和 reason。\n输入图谱数据：[{"father_chapter": "1", "id": "1.1", "abstract": "发展概况", "content": "分析公司所属行业、主营业务模式及战略转型方向。", "sample": "公司所属行业为零售业（分类代码：F52）。从公司经营的主要产品以及经营模式来看，一般认为公司业务属于零售行业。主营业务为通过线下门店端+线...<截断 15 字符>', '...': '还有 1 个字段'}, 'timeout': 600}
2026-04-21 23:16:30,302 | DEBUG | individu****view.agent.gf.stockGraph | 调用 GF 智能体: {'session': {'sessionName': '新对话', 'sessionType': 'agent', 'chatType': 'agent_chat_debug', 'agentId': '268742034726368', 'agentBatchId': '268742034725344'}, 'agent': {'botId': '268742034725344', 'userId': '268742034726368', 'conversationId': '268742078082176', 'urlVersion': 3.0, 'messages': '请基于个股研究框架与输入图谱数据进行评测，只输出一个 JSON 对象，字段仅包含 score 和 reason。\n输入图谱数据：[{"father_chapter": "1", "id": "1.1", "abstract": "发展概况", "content": "分析公司所属行业、主营业务模式及战略转型方向。", "sample": "公司所属行业为零售业（分类代码：F52）。从公司经营的主要产品以及经营模式来看，一般认为公司业务属于零售行业。主营业务为通过线下门店端+线...<截断 15 字符>', '...': '还有 1 个字段'}}
2026-04-21 23:16:30,302 | DEBUG | individu****view.agent.runners.sse_runner | 发起请求: {'method': 'POST', 'url': 'https://pure.warrenq.com/nagent/cloudtest/chat/v2/agent/outside/sse/completions', 'headers': {'AuthCode': '****'}, 'json': {'botId': '268742034725344', 'userId': '268742034726368', 'conversationId': '268742078082176', 'urlVersion': 3.0, 'messages': '请基于个股研究框架与输入图谱数据进行评测，只输出一个 JSON 对象，字段仅包含 score 和 reason。\n输入图谱数据：[{"father_chapter": "1", "id": "1.1", "abstract": "发展概况", "content": "分析公司所属行业、主营业务模式及战略转型方向。", "sample": "公司所属行业为零售业（分类代码：F52）。从公司经营的主要产品以及经营模式来看，一般认为公司业务属于零售行业。主营业务为通过线下门店端+线...<截断 15 字符>', '...': '还有 1 个字段'}, 'timeout': 600}
2026-04-21 23:16:30,907 | DEBUG | individu****view.agent.runners.sse_runner | HTTP POST https://pure.warrenq.com/nagent/cloudtest/chat/v2/agent/outside/sse/completions -> 200 (0.62s)
2026-04-21 23:16:30,912 | DEBUG | individu****view.agent.runners.sse_runner | HTTP POST https://pure.warrenq.com/nagent/cloudtest/chat/v2/agent/outside/sse/completions -> 200 (0.61s)
2026-04-21 23:16:30,916 | DEBUG | individu****view.agent.runners.sse_runner | HTTP POST https://pure.warrenq.com/nagent/cloudtest/chat/v2/agent/outside/sse/completions -> 200 (0.63s)
2026-04-21 23:16:30,927 | DEBUG | individu****view.agent.runners.sse_runner | HTTP POST https://pure.warrenq.com/nagent/cloudtest/chat/v2/agent/outside/sse/completions -> 200 (0.63s)
2026-04-21 23:20:02,575 | DEBUG | individu****view.agent.providers.gf_platform | 构建 GF 智能体: agent_key=stockGraph session_key=gfGetSession
2026-04-21 23:20:02,592 | DEBUG | individu****view.agent.gf.stockGraph | 调用 GF 智能体: {'session': {'sessionName': '新对话', 'sessionType': 'agent', 'chatType': 'agent_chat_debug', 'agentId': '268742034726368', 'agentBatchId': '268742034725344'}, 'agent': {'botId': '268742034725344', 'userId': '268742034726368', 'conversationId': '268742078082176', 'urlVersion': 3.0, 'messages': '请基于个股研究框架与输入图谱数据进行评测，只输出一个 JSON 对象，字段仅包含 score 和 reason。\n输入图谱数据：[{"father_chapter": "1", "id": "1.1", "abstract": "发展概况", "content": "描述公司主营业务定位、主要服务领域及行业布局。", "sample": "公司主营业务为精密模具、注塑零部件的设计、开发、制造及销售。公司主要产品广泛应用于家电、汽车配套零部件及医疗健康领域。公司在全国建有广州、...<截断 15 字符>', '...': '还有 1 个字段'}}
2026-04-21 23:20:02,592 | DEBUG | individu****view.agent.runners.sse_runner | 发起请求: {'method': 'POST', 'url': 'https://pure.warrenq.com/nagent/cloudtest/chat/v2/agent/outside/sse/completions', 'headers': {'AuthCode': '****'}, 'json': {'botId': '268742034725344', 'userId': '268742034726368', 'conversationId': '268742078082176', 'urlVersion': 3.0, 'messages': '请基于个股研究框架与输入图谱数据进行评测，只输出一个 JSON 对象，字段仅包含 score 和 reason。\n输入图谱数据：[{"father_chapter": "1", "id": "1.1", "abstract": "发展概况", "content": "描述公司主营业务定位、主要服务领域及行业布局。", "sample": "公司主营业务为精密模具、注塑零部件的设计、开发、制造及销售。公司主要产品广泛应用于家电、汽车配套零部件及医疗健康领域。公司在全国建有广州、...<截断 15 字符>', '...': '还有 1 个字段'}, 'timeout': 600}
2026-04-21 23:20:02,595 | DEBUG | individu****view.agent.gf.stockGraph | 调用 GF 智能体: {'session': {'sessionName': '新对话', 'sessionType': 'agent', 'chatType': 'agent_chat_debug', 'agentId': '268742034726368', 'agentBatchId': '268742034725344'}, 'agent': {'botId': '268742034725344', 'userId': '268742034726368', 'conversationId': '268742078082176', 'urlVersion': 3.0, 'messages': '请基于个股研究框架与输入图谱数据进行评测，只输出一个 JSON 对象，字段仅包含 score 和 reason。\n输入图谱数据：[{"father_chapter": "1", "id": "1.1", "abstract": "发展概况", "content": "说明公司的成立背景、行业地位及主要经营领域。", "sample": "中芯国际集成电路制造有限公司是一家集成电路制造企业。", "source": "中芯国际：中芯国际2025年第三季度报告", "status...<截断 15 字符>', '...': '还有 1 个字段'}}
2026-04-21 23:20:02,595 | DEBUG | individu****view.agent.runners.sse_runner | 发起请求: {'method': 'POST', 'url': 'https://pure.warrenq.com/nagent/cloudtest/chat/v2/agent/outside/sse/completions', 'headers': {'AuthCode': '****'}, 'json': {'botId': '268742034725344', 'userId': '268742034726368', 'conversationId': '268742078082176', 'urlVersion': 3.0, 'messages': '请基于个股研究框架与输入图谱数据进行评测，只输出一个 JSON 对象，字段仅包含 score 和 reason。\n输入图谱数据：[{"father_chapter": "1", "id": "1.1", "abstract": "发展概况", "content": "说明公司的成立背景、行业地位及主要经营领域。", "sample": "中芯国际集成电路制造有限公司是一家集成电路制造企业。", "source": "中芯国际：中芯国际2025年第三季度报告", "status...<截断 15 字符>', '...': '还有 1 个字段'}, 'timeout': 600}
2026-04-21 23:20:02,597 | DEBUG | individu****view.agent.gf.stockGraph | 调用 GF 智能体: {'session': {'sessionName': '新对话', 'sessionType': 'agent', 'chatType': 'agent_chat_debug', 'agentId': '268742034726368', 'agentBatchId': '268742034725344'}, 'agent': {'botId': '268742034725344', 'userId': '268742034726368', 'conversationId': '268742078082176', 'urlVersion': 3.0, 'messages': '请基于个股研究框架与输入图谱数据进行评测，只输出一个 JSON 对象，字段仅包含 score 和 reason。\n输入图谱数据：[{"father_chapter": "1", "id": "1.1", "abstract": "发展概况", "content": "分析公司主营业务定位、行业地位及核心业务板块构成。", "sample": "公司是3C和新能源汽车精密部件的核心供应商，人形机器人领域，获得北美头部客户认可[1]。", "source": "长盈精密(3001...<截断 15 字符>', '...': '还有 1 个字段'}}
2026-04-21 23:20:02,597 | DEBUG | individu****view.agent.runners.sse_runner | 发起请求: {'method': 'POST', 'url': 'https://pure.warrenq.com/nagent/cloudtest/chat/v2/agent/outside/sse/completions', 'headers': {'AuthCode': '****'}, 'json': {'botId': '268742034725344', 'userId': '268742034726368', 'conversationId': '268742078082176', 'urlVersion': 3.0, 'messages': '请基于个股研究框架与输入图谱数据进行评测，只输出一个 JSON 对象，字段仅包含 score 和 reason。\n输入图谱数据：[{"father_chapter": "1", "id": "1.1", "abstract": "发展概况", "content": "分析公司主营业务定位、行业地位及核心业务板块构成。", "sample": "公司是3C和新能源汽车精密部件的核心供应商，人形机器人领域，获得北美头部客户认可[1]。", "source": "长盈精密(3001...<截断 15 字符>', '...': '还有 1 个字段'}, 'timeout': 600}
2026-04-21 23:20:03,263 | DEBUG | individu****view.agent.runners.sse_runner | HTTP POST https://pure.warrenq.com/nagent/cloudtest/chat/v2/agent/outside/sse/completions -> 200 (0.67s)
2026-04-21 23:20:03,292 | DEBUG | individu****view.agent.runners.sse_runner | HTTP POST https://pure.warrenq.com/nagent/cloudtest/chat/v2/agent/outside/sse/completions -> 200 (0.70s)
2026-04-21 23:20:03,676 | DEBUG | individu****view.agent.runners.sse_runner | HTTP POST https://pure.warrenq.com/nagent/cloudtest/chat/v2/agent/outside/sse/completions -> 200 (1.08s)
2026-04-21 23:22:02,063 | ERROR | individu****view.agent.runners.sse_runner | 请求失败: {'method': 'POST', 'url': 'https://pure.warrenq.com/nagent/cloudtest/chat/v2/agent/outside/sse/completions', 'headers': {'AuthCode': '****'}, 'json': {'botId': '268742034725344', 'userId': '268742034726368', 'conversationId': '268742078082176', 'urlVersion': 3.0, 'messages': '请基于个股研究框架与输入图谱数据进行评测，只输出一个 JSON 对象，字段仅包含 score 和 reason。\n输入图谱数据：[{"father_chapter": "1", "id": "1.1", "abstract": "发展概况", "content": "描述公司主营业务定位、主要服务领域及行业布局。", "sample": "公司主营业务为精密模具、注塑零部件的设计、开发、制造及销售。公司主要产品广泛应用于家电、汽车配套零部件及医疗健康领域。公司在全国建有广州、...<截断 15 字符>', '...': '还有 1 个字段'}, 'timeout': None}
Traceback (most recent call last):
  File "/home/customTest/miniconda3/lib/python3.13/asyncio/runners.py", line 195, in run
    return runner.run(main)
           ~~~~~~~~~~^^^^^^
  File "/home/customTest/miniconda3/lib/python3.13/asyncio/runners.py", line 118, in run
    return self._loop.run_until_complete(task)
           ~~~~~~~~~~~~~~~~~~~~~~~~~~~~~^^^^^^
  File "/home/customTest/miniconda3/lib/python3.13/asyncio/base_events.py", line 725, in run_until_complete
    return future.result()
           ~~~~~~~~~~~~~^^
  File "/home/customTest/individu****view/pipelines/stock_graph_eval.py", line 379, in evaluate_async
    await asyncio.gather(*tasks)
  File "/home/customTest/individu****view/pipelines/stock_graph_eval.py", line 375, in worker
    await advance_progress("success" if result.get("isSucess") else "failed")
  File "/home/customTest/individu****view/pipelines/stock_graph_eval.py", line 358, in advance_progress
    self._print_progress(
    ~~~~~~~~~~~~~~~~~~~~^
        progress["done"],
        ^^^^^^^^^^^^^^^^^
    ...<3 lines>...
        progress["skipped"],
        ^^^^^^^^^^^^^^^^^^^^
    )
    ^
  File "/home/customTest/individu****view/pipelines/stock_graph_eval.py", line 286, in _print_progress
    sys.stdout.write(text)
    ^^^
NameError: name 'sys' is not defined. Did you forget to import 'sys'?

During handling of the above exception, another exception occurred:

Traceback (most recent call last):
  File "/home/customTest/individu****view/agent/runners/sse_runner.py", line 171, in apiRequestAsync
    result = await fun(response, *args, **kwargs)
             ^^^^^^^^^^^^^^^^^^^^^^^^^^^^^^^^^^^^
  File "/home/customTest/individu****view/agent/runners/sse_runner.py", line 220, in jsonAnswerAsync
    raise RuntimeError("流式结果获取异常")
RuntimeError: 流式结果获取异常
2026-04-21 23:22:02,067 | WARNING | individu****view.agent.runners.sse_runner | 请求重试耗尽: {'method': 'POST', 'url': 'https://pure.warrenq.com/nagent/cloudtest/chat/v2/agent/outside/sse/completions', 'headers': {'AuthCode': '****'}, 'json': {'botId': '268742034725344', 'userId': '268742034726368', 'conversationId': '268742078082176', 'urlVersion': 3.0, 'messages': '请基于个股研究框架与输入图谱数据进行评测，只输出一个 JSON 对象，字段仅包含 score 和 reason。\n输入图谱数据：[{"father_chapter": "1", "id": "1.1", "abstract": "发展概况", "content": "描述公司主营业务定位、主要服务领域及行业布局。", "sample": "公司主营业务为精密模具、注塑零部件的设计、开发、制造及销售。公司主要产品广泛应用于家电、汽车配套零部件及医疗健康领域。公司在全国建有广州、...<截断 15 字符>', '...': '还有 1 个字段'}, 'timeout': 600}
2026-04-21 23:22:02,068 | DEBUG | individu****view.agent.gf.stockGraph | 调用 GF 智能体: {'session': {'sessionName': '新对话', 'sessionType': 'agent', 'chatType': 'agent_chat_debug', 'agentId': '268742034726368', 'agentBatchId': '268742034725344'}, 'agent': {'botId': '268742034725344', 'userId': '268742034726368', 'conversationId': '268742078082176', 'urlVersion': 3.0, 'messages': '请基于个股研究框架与输入图谱数据进行评测，只输出一个 JSON 对象，字段仅包含 score 和 reason。\n输入图谱数据：[{"father_chapter": "1", "id": "1.1", "abstract": "发展概况", "content": "描述公司主营业务定位、主要服务领域及行业布局。", "sample": "公司主营业务为精密模具、注塑零部件的设计、开发、制造及销售。公司主要产品广泛应用于家电、汽车配套零部件及医疗健康领域。公司在全国建有广州、...<截断 15 字符>', '...': '还有 1 个字段'}}
2026-04-21 23:22:02,068 | DEBUG | individu****view.agent.runners.sse_runner | 发起请求: {'method': 'POST', 'url': 'https://pure.warrenq.com/nagent/cloudtest/chat/v2/agent/outside/sse/completions', 'headers': {'AuthCode': '****'}, 'json': {'botId': '268742034725344', 'userId': '268742034726368', 'conversationId': '268742078082176', 'urlVersion': 3.0, 'messages': '请基于个股研究框架与输入图谱数据进行评测，只输出一个 JSON 对象，字段仅包含 score 和 reason。\n输入图谱数据：[{"father_chapter": "1", "id": "1.1", "abstract": "发展概况", "content": "描述公司主营业务定位、主要服务领域及行业布局。", "sample": "公司主营业务为精密模具、注塑零部件的设计、开发、制造及销售。公司主要产品广泛应用于家电、汽车配套零部件及医疗健康领域。公司在全国建有广州、...<截断 15 字符>', '...': '还有 1 个字段'}, 'timeout': 600}
2026-04-21 23:22:02,070 | DEBUG | individu****view.agent.gf.stockGraph | 调用 GF 智能体: {'session': {'sessionName': '新对话', 'sessionType': 'agent', 'chatType': 'agent_chat_debug', 'agentId': '268742034726368', 'agentBatchId': '268742034725344'}, 'agent': {'botId': '268742034725344', 'userId': '268742034726368', 'conversationId': '268742078082176', 'urlVersion': 3.0, 'messages': '请基于个股研究框架与输入图谱数据进行评测，只输出一个 JSON 对象，字段仅包含 score 和 reason。\n输入图谱数据：[{"father_chapter": "1", "id": "1.1", "abstract": "发展概况", "content": "分析公司主营业务定位、行业地位及核心业务板块构成。", "sample": "公司是3C和新能源汽车精密部件的核心供应商，人形机器人领域，获得北美头部客户认可[1]。", "source": "长盈精密(3001...<截断 15 字符>', '...': '还有 1 个字段'}}
2026-04-21 23:22:02,070 | DEBUG | individu****view.agent.runners.sse_runner | 发起请求: {'method': 'POST', 'url': 'https://pure.warrenq.com/nagent/cloudtest/chat/v2/agent/outside/sse/completions', 'headers': {'AuthCode': '****'}, 'json': {'botId': '268742034725344', 'userId': '268742034726368', 'conversationId': '268742078082176', 'urlVersion': 3.0, 'messages': '请基于个股研究框架与输入图谱数据进行评测，只输出一个 JSON 对象，字段仅包含 score 和 reason。\n输入图谱数据：[{"father_chapter": "1", "id": "1.1", "abstract": "发展概况", "content": "分析公司主营业务定位、行业地位及核心业务板块构成。", "sample": "公司是3C和新能源汽车精密部件的核心供应商，人形机器人领域，获得北美头部客户认可[1]。", "source": "长盈精密(3001...<截断 15 字符>', '...': '还有 1 个字段'}, 'timeout': 600}
2026-04-21 23:22:02,752 | DEBUG | individu****view.agent.runners.sse_runner | HTTP POST https://pure.warrenq.com/nagent/cloudtest/chat/v2/agent/outside/sse/completions -> 200 (0.68s)
2026-04-21 23:22:02,771 | DEBUG | individu****view.agent.runners.sse_runner | HTTP POST https://pure.warrenq.com/nagent/cloudtest/chat/v2/agent/outside/sse/completions -> 200 (0.70s)
2026-04-21 23:23:38,147 | DEBUG | individu****view.agent.providers.gf_platform | 构建 GF 智能体: agent_key=stockGraph session_key=gfGetSession
2026-04-21 23:23:38,163 | DEBUG | individu****view.agent.gf.stockGraph | 调用 GF 智能体: {'session': {'sessionName': '新对话', 'sessionType': 'agent', 'chatType': 'agent_chat_debug', 'agentId': '268742034726368', 'agentBatchId': '268742034725344'}, 'agent': {'botId': '268742034725344', 'userId': '268742034726368', 'conversationId': '268742078082176', 'urlVersion': 3.0, 'messages': '请基于个股研究框架与输入图谱数据进行评测，只输出一个 JSON 对象，字段仅包含 score 和 reason。\n输入图谱数据：[{"father_chapter": "1", "id": "1.1", "abstract": "发展概况", "content": "描述公司主营业务定位、主要服务领域及行业布局。", "sample": "公司主营业务为精密模具、注塑零部件的设计、开发、制造及销售。公司主要产品广泛应用于家电、汽车配套零部件及医疗健康领域。公司在全国建有广州、...<截断 15 字符>', '...': '还有 1 个字段'}}
2026-04-21 23:23:38,164 | DEBUG | individu****view.agent.runners.sse_runner | 发起请求: {'method': 'POST', 'url': 'https://pure.warrenq.com/nagent/cloudtest/chat/v2/agent/outside/sse/completions', 'headers': {'AuthCode': '****'}, 'json': {'botId': '268742034725344', 'userId': '268742034726368', 'conversationId': '268742078082176', 'urlVersion': 3.0, 'messages': '请基于个股研究框架与输入图谱数据进行评测，只输出一个 JSON 对象，字段仅包含 score 和 reason。\n输入图谱数据：[{"father_chapter": "1", "id": "1.1", "abstract": "发展概况", "content": "描述公司主营业务定位、主要服务领域及行业布局。", "sample": "公司主营业务为精密模具、注塑零部件的设计、开发、制造及销售。公司主要产品广泛应用于家电、汽车配套零部件及医疗健康领域。公司在全国建有广州、...<截断 15 字符>', '...': '还有 1 个字段'}, 'timeout': 600}
2026-04-21 23:23:38,966 | DEBUG | individu****view.agent.runners.sse_runner | HTTP POST https://pure.warrenq.com/nagent/cloudtest/chat/v2/agent/outside/sse/completions -> 200 (0.80s)
2026-04-21 23:26:11,606 | DEBUG | individu****view.agent.providers.gf_platform | 构建 GF 智能体: agent_key=stockGraph session_key=gfGetSession
2026-04-21 23:26:11,624 | DEBUG | individu****view.agent.gf.stockGraph | 调用 GF 智能体: {'session': {'sessionName': '新对话', 'sessionType': 'agent', 'chatType': 'agent_chat_debug', 'agentId': '268742034726368', 'agentBatchId': '268742034725344'}, 'agent': {'botId': '268742034725344', 'userId': '268742034726368', 'conversationId': '268742078082176', 'urlVersion': 3.0, 'messages': '请基于个股研究框架与输入图谱数据进行评测，只输出一个 JSON 对象，字段仅包含 score 和 reason。\n输入图谱数据：[{"father_chapter": "1", "id": "1.1", "abstract": "发展概况", "content": "描述公司主营业务定位、主要服务领域及行业布局。", "sample": "公司主营业务为精密模具、注塑零部件的设计、开发、制造及销售。公司主要产品广泛应用于家电、汽车配套零部件及医疗健康领域。公司在全国建有广州、...<截断 15 字符>', '...': '还有 1 个字段'}}
2026-04-21 23:26:11,625 | DEBUG | individu****view.agent.runners.sse_runner | 发起请求: {'method': 'POST', 'url': 'https://pure.warrenq.com/nagent/cloudtest/chat/v2/agent/outside/sse/completions', 'headers': {'AuthCode': '****'}, 'json': {'botId': '268742034725344', 'userId': '268742034726368', 'conversationId': '268742078082176', 'urlVersion': 3.0, 'messages': '请基于个股研究框架与输入图谱数据进行评测，只输出一个 JSON 对象，字段仅包含 score 和 reason。\n输入图谱数据：[{"father_chapter": "1", "id": "1.1", "abstract": "发展概况", "content": "描述公司主营业务定位、主要服务领域及行业布局。", "sample": "公司主营业务为精密模具、注塑零部件的设计、开发、制造及销售。公司主要产品广泛应用于家电、汽车配套零部件及医疗健康领域。公司在全国建有广州、...<截断 15 字符>', '...': '还有 1 个字段'}, 'timeout': 600}
2026-04-21 23:26:12,165 | DEBUG | individu****view.agent.runners.sse_runner | HTTP POST https://pure.warrenq.com/nagent/cloudtest/chat/v2/agent/outside/sse/completions -> 200 (0.54s)
2026-04-21 23:27:29,034 | INFO | individu****view.pipelines.stock_graph_eval | stockGraph 评测完成，结果条数=1
2026-04-21 23:33:18,834 | DEBUG | individu****view.agent.providers.gf_platform | 构建 GF 智能体: agent_key=stockGraph session_key=gfGetSession
2026-04-21 23:33:18,850 | DEBUG | individu****view.agent.gf.stockGraph | 调用 GF 智能体: {'session': {'sessionName': '新对话', 'sessionType': 'agent', 'chatType': 'agent_chat_debug', 'agentId': '268742034726368', 'agentBatchId': '268742034725344'}, 'agent': {'botId': '268742034725344', 'userId': '268742034726368', 'conversationId': '268742078082176', 'urlVersion': 3.0, 'messages': '请基于个股研究框架与输入图谱数据进行评测，只输出一个 JSON 对象，字段仅包含 score 和 reason。\n输入图谱数据：[{"father_chapter": "1", "id": "1.1", "abstract": "发展概况", "content": "说明公司的成立背景、行业地位及主要经营领域。", "sample": "中芯国际集成电路制造有限公司是一家集成电路制造企业。", "source": "中芯国际：中芯国际2025年第三季度报告", "status...<截断 15 字符>', '...': '还有 1 个字段'}}
2026-04-21 23:33:18,851 | DEBUG | individu****view.agent.runners.sse_runner | 发起请求: {'method': 'POST', 'url': 'https://pure.warrenq.com/nagent/cloudtest/chat/v2/agent/outside/sse/completions', 'headers': {'AuthCode': '****'}, 'json': {'botId': '268742034725344', 'userId': '268742034726368', 'conversationId': '268742078082176', 'urlVersion': 3.0, 'messages': '请基于个股研究框架与输入图谱数据进行评测，只输出一个 JSON 对象，字段仅包含 score 和 reason。\n输入图谱数据：[{"father_chapter": "1", "id": "1.1", "abstract": "发展概况", "content": "说明公司的成立背景、行业地位及主要经营领域。", "sample": "中芯国际集成电路制造有限公司是一家集成电路制造企业。", "source": "中芯国际：中芯国际2025年第三季度报告", "status...<截断 15 字符>', '...': '还有 1 个字段'}, 'timeout': 600}
2026-04-21 23:33:18,852 | DEBUG | individu****view.agent.gf.stockGraph | 调用 GF 智能体: {'session': {'sessionName': '新对话', 'sessionType': 'agent', 'chatType': 'agent_chat_debug', 'agentId': '268742034726368', 'agentBatchId': '268742034725344'}, 'agent': {'botId': '268742034725344', 'userId': '268742034726368', 'conversationId': '268742078082176', 'urlVersion': 3.0, 'messages': '请基于个股研究框架与输入图谱数据进行评测，只输出一个 JSON 对象，字段仅包含 score 和 reason。\n输入图谱数据：[{"father_chapter": "1", "id": "1.1", "abstract": "发展概况", "content": "分析公司主营业务定位、行业地位及核心业务板块构成。", "sample": "公司是3C和新能源汽车精密部件的核心供应商，人形机器人领域，获得北美头部客户认可[1]。", "source": "长盈精密(3001...<截断 15 字符>', '...': '还有 1 个字段'}}
2026-04-21 23:33:18,853 | DEBUG | individu****view.agent.runners.sse_runner | 发起请求: {'method': 'POST', 'url': 'https://pure.warrenq.com/nagent/cloudtest/chat/v2/agent/outside/sse/completions', 'headers': {'AuthCode': '****'}, 'json': {'botId': '268742034725344', 'userId': '268742034726368', 'conversationId': '268742078082176', 'urlVersion': 3.0, 'messages': '请基于个股研究框架与输入图谱数据进行评测，只输出一个 JSON 对象，字段仅包含 score 和 reason。\n输入图谱数据：[{"father_chapter": "1", "id": "1.1", "abstract": "发展概况", "content": "分析公司主营业务定位、行业地位及核心业务板块构成。", "sample": "公司是3C和新能源汽车精密部件的核心供应商，人形机器人领域，获得北美头部客户认可[1]。", "source": "长盈精密(3001...<截断 15 字符>', '...': '还有 1 个字段'}, 'timeout': 600}
2026-04-21 23:33:18,854 | DEBUG | individu****view.agent.gf.stockGraph | 调用 GF 智能体: {'session': {'sessionName': '新对话', 'sessionType': 'agent', 'chatType': 'agent_chat_debug', 'agentId': '268742034726368', 'agentBatchId': '268742034725344'}, 'agent': {'botId': '268742034725344', 'userId': '268742034726368', 'conversationId': '268742078082176', 'urlVersion': 3.0, 'messages': '请基于个股研究框架与输入图谱数据进行评测，只输出一个 JSON 对象，字段仅包含 score 和 reason。\n输入图谱数据：[{"father_chapter": "1", "id": "1.1", "abstract": "发展概况", "content": "分析公司所属行业、主营业务模式及战略转型方向。", "sample": "公司所属行业为零售业（分类代码：F52）。从公司经营的主要产品以及经营模式来看，一般认为公司业务属于零售行业。主营业务为通过线下门店端+线...<截断 15 字符>', '...': '还有 1 个字段'}}
2026-04-21 23:33:18,855 | DEBUG | individu****view.agent.runners.sse_runner | 发起请求: {'method': 'POST', 'url': 'https://pure.warrenq.com/nagent/cloudtest/chat/v2/agent/outside/sse/completions', 'headers': {'AuthCode': '****'}, 'json': {'botId': '268742034725344', 'userId': '268742034726368', 'conversationId': '268742078082176', 'urlVersion': 3.0, 'messages': '请基于个股研究框架与输入图谱数据进行评测，只输出一个 JSON 对象，字段仅包含 score 和 reason。\n输入图谱数据：[{"father_chapter": "1", "id": "1.1", "abstract": "发展概况", "content": "分析公司所属行业、主营业务模式及战略转型方向。", "sample": "公司所属行业为零售业（分类代码：F52）。从公司经营的主要产品以及经营模式来看，一般认为公司业务属于零售行业。主营业务为通过线下门店端+线...<截断 15 字符>', '...': '还有 1 个字段'}, 'timeout': 600}
2026-04-21 23:33:18,857 | DEBUG | individu****view.agent.gf.stockGraph | 调用 GF 智能体: {'session': {'sessionName': '新对话', 'sessionType': 'agent', 'chatType': 'agent_chat_debug', 'agentId': '268742034726368', 'agentBatchId': '268742034725344'}, 'agent': {'botId': '268742034725344', 'userId': '268742034726368', 'conversationId': '268742078082176', 'urlVersion': 3.0, 'messages': '请基于个股研究框架与输入图谱数据进行评测，只输出一个 JSON 对象，字段仅包含 score 和 reason。\n输入图谱数据：[{"father_chapter": "1", "id": "1.1", "abstract": "发展概况", "content": "分析公司愿景、战略定位、核心业务板块构成及行业分类。", "sample": "公司始终坚守“成为最值得信赖的数智生态伙伴”的愿景，聚焦新能源、电动化、智能控制三大业务板块。根据《中国上市公司协会上市公司行业统计...<截断 15 字符>', '...': '还有 1 个字段'}}
2026-04-21 23:33:18,857 | DEBUG | individu****view.agent.runners.sse_runner | 发起请求: {'method': 'POST', 'url': 'https://pure.warrenq.com/nagent/cloudtest/chat/v2/agent/outside/sse/completions', 'headers': {'AuthCode': '****'}, 'json': {'botId': '268742034725344', 'userId': '268742034726368', 'conversationId': '268742078082176', 'urlVersion': 3.0, 'messages': '请基于个股研究框架与输入图谱数据进行评测，只输出一个 JSON 对象，字段仅包含 score 和 reason。\n输入图谱数据：[{"father_chapter": "1", "id": "1.1", "abstract": "发展概况", "content": "分析公司愿景、战略定位、核心业务板块构成及行业分类。", "sample": "公司始终坚守“成为最值得信赖的数智生态伙伴”的愿景，聚焦新能源、电动化、智能控制三大业务板块。根据《中国上市公司协会上市公司行业统计...<截断 15 字符>', '...': '还有 1 个字段'}, 'timeout': 600}
2026-04-21 23:33:18,858 | DEBUG | individu****view.agent.gf.stockGraph | 调用 GF 智能体: {'session': {'sessionName': '新对话', 'sessionType': 'agent', 'chatType': 'agent_chat_debug', 'agentId': '268742034726368', 'agentBatchId': '268742034725344'}, 'agent': {'botId': '268742034725344', 'userId': '268742034726368', 'conversationId': '268742078082176', 'urlVersion': 3.0, 'messages': '请基于个股研究框架与输入图谱数据进行评测，只输出一个 JSON 对象，字段仅包含 score 和 reason。\n输入图谱数据：[{"father_chapter": "1", "id": "1.1", "abstract": "发展概况", "content": "分析公司主营业务构成、产品应用领域、报告期内业务发展重点及战略转型方向。", "sample": "公司主要从事特种装备电缆、新能源电缆、通信装备组件、空调连接线组件、小家电配线组件的研发、生产和销售。报告期内，...<截断 15 字符>', '...': '还有 1 个字段'}}
2026-04-21 23:33:18,859 | DEBUG | individu****view.agent.runners.sse_runner | 发起请求: {'method': 'POST', 'url': 'https://pure.warrenq.com/nagent/cloudtest/chat/v2/agent/outside/sse/completions', 'headers': {'AuthCode': '****'}, 'json': {'botId': '268742034725344', 'userId': '268742034726368', 'conversationId': '268742078082176', 'urlVersion': 3.0, 'messages': '请基于个股研究框架与输入图谱数据进行评测，只输出一个 JSON 对象，字段仅包含 score 和 reason。\n输入图谱数据：[{"father_chapter": "1", "id": "1.1", "abstract": "发展概况", "content": "分析公司主营业务构成、产品应用领域、报告期内业务发展重点及战略转型方向。", "sample": "公司主要从事特种装备电缆、新能源电缆、通信装备组件、空调连接线组件、小家电配线组件的研发、生产和销售。报告期内，...<截断 15 字符>', '...': '还有 1 个字段'}, 'timeout': 600}
2026-04-21 23:33:19,316 | DEBUG | individu****view.agent.runners.sse_runner | HTTP POST https://pure.warrenq.com/nagent/cloudtest/chat/v2/agent/outside/sse/completions -> 200 (0.46s)
2026-04-21 23:33:19,331 | DEBUG | individu****view.agent.runners.sse_runner | HTTP POST https://pure.warrenq.com/nagent/cloudtest/chat/v2/agent/outside/sse/completions -> 200 (0.48s)
2026-04-21 23:33:19,504 | DEBUG | individu****view.agent.runners.sse_runner | HTTP POST https://pure.warrenq.com/nagent/cloudtest/chat/v2/agent/outside/sse/completions -> 200 (0.65s)
2026-04-21 23:33:19,505 | DEBUG | individu****view.agent.runners.sse_runner | HTTP POST https://pure.warrenq.com/nagent/cloudtest/chat/v2/agent/outside/sse/completions -> 200 (0.65s)
2026-04-21 23:33:19,532 | DEBUG | individu****view.agent.runners.sse_runner | HTTP POST https://pure.warrenq.com/nagent/cloudtest/chat/v2/agent/outside/sse/completions -> 200 (0.67s)
2026-04-21 23:34:17,872 | DEBUG | individu****view.agent.gf.stockGraph | 调用 GF 智能体: {'session': {'sessionName': '新对话', 'sessionType': 'agent', 'chatType': 'agent_chat_debug', 'agentId': '268742034726368', 'agentBatchId': '268742034725344'}, 'agent': {'botId': '268742034725344', 'userId': '268742034726368', 'conversationId': '268742078082176', 'urlVersion': 3.0, 'messages': '请基于个股研究框架与输入图谱数据进行评测，只输出一个 JSON 对象，字段仅包含 score 和 reason。\n输入图谱数据：[{"father_chapter": "1", "id": "1.2", "abstract": "股权结构", "content": "列示主要股东持股比例、分析实际控制人及一致行动关系、说明员工持股平台情况。", "sample": "周文庆与宗焕琴为夫妻关系，分别直接持有公司43.50%、20.25%的股份。常州联泓企业管理中心（有限合伙）为...<截断 15 字符>', '...': '还有 1 个字段'}}
2026-04-21 23:34:17,872 | DEBUG | individu****view.agent.runners.sse_runner | 发起请求: {'method': 'POST', 'url': 'https://pure.warrenq.com/nagent/cloudtest/chat/v2/agent/outside/sse/completions', 'headers': {'AuthCode': '****'}, 'json': {'botId': '268742034725344', 'userId': '268742034726368', 'conversationId': '268742078082176', 'urlVersion': 3.0, 'messages': '请基于个股研究框架与输入图谱数据进行评测，只输出一个 JSON 对象，字段仅包含 score 和 reason。\n输入图谱数据：[{"father_chapter": "1", "id": "1.2", "abstract": "股权结构", "content": "列示主要股东持股比例、分析实际控制人及一致行动关系、说明员工持股平台情况。", "sample": "周文庆与宗焕琴为夫妻关系，分别直接持有公司43.50%、20.25%的股份。常州联泓企业管理中心（有限合伙）为...<截断 15 字符>', '...': '还有 1 个字段'}, 'timeout': 600}
2026-04-21 23:34:19,781 | DEBUG | individu****view.agent.runners.sse_runner | HTTP POST https://pure.warrenq.com/nagent/cloudtest/chat/v2/agent/outside/sse/completions -> 200 (1.91s)
2026-04-21 23:34:47,508 | DEBUG | individu****view.agent.gf.stockGraph | 调用 GF 智能体: {'session': {'sessionName': '新对话', 'sessionType': 'agent', 'chatType': 'agent_chat_debug', 'agentId': '268742034726368', 'agentBatchId': '268742034725344'}, 'agent': {'botId': '268742034725344', 'userId': '268742034726368', 'conversationId': '268742078082176', 'urlVersion': 3.0, 'messages': '请基于个股研究框架与输入图谱数据进行评测，只输出一个 JSON 对象，字段仅包含 score 和 reason。\n输入图谱数据：[{"father_chapter": "1", "id": "1.2", "abstract": "股权结构", "content": "列示主要股东持股比例、分析实际控制人及一致行动关系、说明员工持股平台情况。", "sample": "周文庆与宗焕琴为夫妻关系，分别直接持有公司43.50%、20.25%的股份。常州联泓企业管理中心（有限合伙）为...<截断 15 字符>', '...': '还有 1 个字段'}}
2026-04-21 23:34:47,509 | DEBUG | individu****view.agent.runners.sse_runner | 发起请求: {'method': 'POST', 'url': 'https://pure.warrenq.com/nagent/cloudtest/chat/v2/agent/outside/sse/completions', 'headers': {'AuthCode': '****'}, 'json': {'botId': '268742034725344', 'userId': '268742034726368', 'conversationId': '268742078082176', 'urlVersion': 3.0, 'messages': '请基于个股研究框架与输入图谱数据进行评测，只输出一个 JSON 对象，字段仅包含 score 和 reason。\n输入图谱数据：[{"father_chapter": "1", "id": "1.2", "abstract": "股权结构", "content": "列示主要股东持股比例、分析实际控制人及一致行动关系、说明员工持股平台情况。", "sample": "周文庆与宗焕琴为夫妻关系，分别直接持有公司43.50%、20.25%的股份。常州联泓企业管理中心（有限合伙）为...<截断 15 字符>', '...': '还有 1 个字段'}, 'timeout': 600}
2026-04-21 23:34:48,004 | DEBUG | individu****view.agent.runners.sse_runner | HTTP POST https://pure.warrenq.com/nagent/cloudtest/chat/v2/agent/outside/sse/completions -> 200 (0.49s)
2026-04-21 23:35:09,628 | DEBUG | individu****view.agent.gf.stockGraph | 调用 GF 智能体: {'session': {'sessionName': '新对话', 'sessionType': 'agent', 'chatType': 'agent_chat_debug', 'agentId': '268742034726368', 'agentBatchId': '268742034725344'}, 'agent': {'botId': '268742034725344', 'userId': '268742034726368', 'conversationId': '268742078082176', 'urlVersion': 3.0, 'messages': '请基于个股研究框架与输入图谱数据进行评测，只输出一个 JSON 对象，字段仅包含 score 和 reason。\n输入图谱数据：[{"father_chapter": "1", "id": "1.1", "abstract": "发展概况", "content": "分析公司主营业务、评估行业地位、梳理公司战略目标。", "sample": "公司主要从事集成电路产品的研发设计和销售，根据中国证监会《上市公司行业分类指引》（2012年修订），公司所处行业属于“软件和信息技术服...<截断 16 字符>', '...': '还有 1 个字段'}}
2026-04-21 23:35:09,629 | DEBUG | individu****view.agent.runners.sse_runner | 发起请求: {'method': 'POST', 'url': 'https://pure.warrenq.com/nagent/cloudtest/chat/v2/agent/outside/sse/completions', 'headers': {'AuthCode': '****'}, 'json': {'botId': '268742034725344', 'userId': '268742034726368', 'conversationId': '268742078082176', 'urlVersion': 3.0, 'messages': '请基于个股研究框架与输入图谱数据进行评测，只输出一个 JSON 对象，字段仅包含 score 和 reason。\n输入图谱数据：[{"father_chapter": "1", "id": "1.1", "abstract": "发展概况", "content": "分析公司主营业务、评估行业地位、梳理公司战略目标。", "sample": "公司主要从事集成电路产品的研发设计和销售，根据中国证监会《上市公司行业分类指引》（2012年修订），公司所处行业属于“软件和信息技术服...<截断 16 字符>', '...': '还有 1 个字段'}, 'timeout': 600}
2026-04-21 23:35:10,095 | DEBUG | individu****view.agent.runners.sse_runner | HTTP POST https://pure.warrenq.com/nagent/cloudtest/chat/v2/agent/outside/sse/completions -> 200 (0.47s)
2026-04-21 23:35:10,259 | DEBUG | individu****view.agent.gf.stockGraph | 调用 GF 智能体: {'session': {'sessionName': '新对话', 'sessionType': 'agent', 'chatType': 'agent_chat_debug', 'agentId': '268742034726368', 'agentBatchId': '268742034725344'}, 'agent': {'botId': '268742034725344', 'userId': '268742034726368', 'conversationId': '268742078082176', 'urlVersion': 3.0, 'messages': '请基于个股研究框架与输入图谱数据进行评测，只输出一个 JSON 对象，字段仅包含 score 和 reason。\n输入图谱数据：[{"father_chapter": "1", "id": "1.1", "abstract": "发展概况", "content": "分析公司主营业务定位、评估公司在行业中的地位、梳理公司发展历程关键节点。", "sample": "同有科技是国内最早上市的企业级专业存储厂商，主要从事企业级存储系统和特殊行业及工业级固态存储的研究、开发和应用，...<截断 15 字符>', '...': '还有 1 个字段'}}
2026-04-21 23:35:10,259 | DEBUG | individu****view.agent.runners.sse_runner | 发起请求: {'method': 'POST', 'url': 'https://pure.warrenq.com/nagent/cloudtest/chat/v2/agent/outside/sse/completions', 'headers': {'AuthCode': '****'}, 'json': {'botId': '268742034725344', 'userId': '268742034726368', 'conversationId': '268742078082176', 'urlVersion': 3.0, 'messages': '请基于个股研究框架与输入图谱数据进行评测，只输出一个 JSON 对象，字段仅包含 score 和 reason。\n输入图谱数据：[{"father_chapter": "1", "id": "1.1", "abstract": "发展概况", "content": "分析公司主营业务定位、评估公司在行业中的地位、梳理公司发展历程关键节点。", "sample": "同有科技是国内最早上市的企业级专业存储厂商，主要从事企业级存储系统和特殊行业及工业级固态存储的研究、开发和应用，...<截断 15 字符>', '...': '还有 1 个字段'}, 'timeout': 600}
2026-04-21 23:35:10,725 | DEBUG | individu****view.agent.runners.sse_runner | HTTP POST https://pure.warrenq.com/nagent/cloudtest/chat/v2/agent/outside/sse/completions -> 200 (0.47s)
2026-04-21 23:35:36,023 | DEBUG | individu****view.agent.gf.stockGraph | 调用 GF 智能体: {'session': {'sessionName': '新对话', 'sessionType': 'agent', 'chatType': 'agent_chat_debug', 'agentId': '268742034726368', 'agentBatchId': '268742034725344'}, 'agent': {'botId': '268742034725344', 'userId': '268742034726368', 'conversationId': '268742078082176', 'urlVersion': 3.0, 'messages': '请基于个股研究框架与输入图谱数据进行评测，只输出一个 JSON 对象，字段仅包含 score 和 reason。\n输入图谱数据：[{"father_chapter": "1", "id": "1.1", "abstract": "发展概况", "content": "公司秉承“立足自主技术创新、服务全球先进制造”的发展战略，紧抓我国高端装备制造业快速发展的契机，立足主轴行业，借助公司在研发、制造、客户、品牌等方面的积累，稳步向数控机床、机器人、新能源汽车等高端装备的核心功能部...<截断 16 字符>', '...': '还有 1 个字段'}}
2026-04-21 23:35:36,024 | DEBUG | individu****view.agent.runners.sse_runner | 发起请求: {'method': 'POST', 'url': 'https://pure.warrenq.com/nagent/cloudtest/chat/v2/agent/outside/sse/completions', 'headers': {'AuthCode': '****'}, 'json': {'botId': '268742034725344', 'userId': '268742034726368', 'conversationId': '268742078082176', 'urlVersion': 3.0, 'messages': '请基于个股研究框架与输入图谱数据进行评测，只输出一个 JSON 对象，字段仅包含 score 和 reason。\n输入图谱数据：[{"father_chapter": "1", "id": "1.1", "abstract": "发展概况", "content": "公司秉承“立足自主技术创新、服务全球先进制造”的发展战略，紧抓我国高端装备制造业快速发展的契机，立足主轴行业，借助公司在研发、制造、客户、品牌等方面的积累，稳步向数控机床、机器人、新能源汽车等高端装备的核心功能部...<截断 16 字符>', '...': '还有 1 个字段'}, 'timeout': 600}
2026-04-21 23:35:36,583 | DEBUG | individu****view.agent.runners.sse_runner | HTTP POST https://pure.warrenq.com/nagent/cloudtest/chat/v2/agent/outside/sse/completions -> 200 (0.56s)
2026-04-21 23:35:49,245 | DEBUG | individu****view.agent.gf.stockGraph | 调用 GF 智能体: {'session': {'sessionName': '新对话', 'sessionType': 'agent', 'chatType': 'agent_chat_debug', 'agentId': '268742034726368', 'agentBatchId': '268742034725344'}, 'agent': {'botId': '268742034725344', 'userId': '268742034726368', 'conversationId': '268742078082176', 'urlVersion': 3.0, 'messages': '请基于个股研究框架与输入图谱数据进行评测，只输出一个 JSON 对象，字段仅包含 score 和 reason。\n输入图谱数据：[{"father_chapter": "1", "id": "1.1", "abstract": "发展概况", "content": "分析公司主营业务、行业地位、上市情况及主要经营目标。", "sample": "公司专注于电子设备防盗展示产品的研发、生产和销售，主要应用于智能手机、可穿戴设备等消费电子产品的防盗和展示领域。公司不断深入挖掘行业...<截断 15 字符>', '...': '还有 1 个字段'}}
2026-04-21 23:35:49,245 | DEBUG | individu****view.agent.runners.sse_runner | 发起请求: {'method': 'POST', 'url': 'https://pure.warrenq.com/nagent/cloudtest/chat/v2/agent/outside/sse/completions', 'headers': {'AuthCode': '****'}, 'json': {'botId': '268742034725344', 'userId': '268742034726368', 'conversationId': '268742078082176', 'urlVersion': 3.0, 'messages': '请基于个股研究框架与输入图谱数据进行评测，只输出一个 JSON 对象，字段仅包含 score 和 reason。\n输入图谱数据：[{"father_chapter": "1", "id": "1.1", "abstract": "发展概况", "content": "分析公司主营业务、行业地位、上市情况及主要经营目标。", "sample": "公司专注于电子设备防盗展示产品的研发、生产和销售，主要应用于智能手机、可穿戴设备等消费电子产品的防盗和展示领域。公司不断深入挖掘行业...<截断 15 字符>', '...': '还有 1 个字段'}, 'timeout': 600}
2026-04-21 23:35:49,843 | DEBUG | individu****view.agent.runners.sse_runner | HTTP POST https://pure.warrenq.com/nagent/cloudtest/chat/v2/agent/outside/sse/completions -> 200 (0.60s)
2026-04-21 23:35:56,406 | DEBUG | individu****view.agent.gf.stockGraph | 调用 GF 智能体: {'session': {'sessionName': '新对话', 'sessionType': 'agent', 'chatType': 'agent_chat_debug', 'agentId': '268742034726368', 'agentBatchId': '268742034725344'}, 'agent': {'botId': '268742034725344', 'userId': '268742034726368', 'conversationId': '268742078082176', 'urlVersion': 3.0, 'messages': '请基于个股研究框架与输入图谱数据进行评测，只输出一个 JSON 对象，字段仅包含 score 和 reason。\n输入图谱数据：[{"father_chapter": "1", "id": "1.1", "abstract": "发展概况", "content": "梳理公司主营业务构成、核心技术路线及行业地位。", "sample": "公司是醇醚行业标准的制定者，环氧丙烷绿色设计产品的第一起草单位。公司向上游延伸，拥有自主研发的直接氧化法(HPPO)环氧丙烷成套技术并建成...<截断 15 字符>', '...': '还有 1 个字段'}}
2026-04-21 23:35:56,406 | DEBUG | individu****view.agent.runners.sse_runner | 发起请求: {'method': 'POST', 'url': 'https://pure.warrenq.com/nagent/cloudtest/chat/v2/agent/outside/sse/completions', 'headers': {'AuthCode': '****'}, 'json': {'botId': '268742034725344', 'userId': '268742034726368', 'conversationId': '268742078082176', 'urlVersion': 3.0, 'messages': '请基于个股研究框架与输入图谱数据进行评测，只输出一个 JSON 对象，字段仅包含 score 和 reason。\n输入图谱数据：[{"father_chapter": "1", "id": "1.1", "abstract": "发展概况", "content": "梳理公司主营业务构成、核心技术路线及行业地位。", "sample": "公司是醇醚行业标准的制定者，环氧丙烷绿色设计产品的第一起草单位。公司向上游延伸，拥有自主研发的直接氧化法(HPPO)环氧丙烷成套技术并建成...<截断 15 字符>', '...': '还有 1 个字段'}, 'timeout': 600}
2026-04-21 23:35:57,139 | DEBUG | individu****view.agent.runners.sse_runner | HTTP POST https://pure.warrenq.com/nagent/cloudtest/chat/v2/agent/outside/sse/completions -> 200 (0.73s)
2026-04-21 23:38:02,181 | DEBUG | individu****view.agent.gf.stockGraph | 调用 GF 智能体: {'session': {'sessionName': '新对话', 'sessionType': 'agent', 'chatType': 'agent_chat_debug', 'agentId': '268742034726368', 'agentBatchId': '268742034725344'}, 'agent': {'botId': '268742034725344', 'userId': '268742034726368', 'conversationId': '268742078082176', 'urlVersion': 3.0, 'messages': '请基于个股研究框架与输入图谱数据进行评测，只输出一个 JSON 对象，字段仅包含 score 和 reason。\n输入图谱数据：[{"father_chapter": "1", "id": "1.1", "abstract": "发展概况", "content": "描述公司主营业务、行业分类、市场地位及运力规模。", "sample": "公司主要从事国内沿海以及国际远洋的干散货运输业务。经过多年的积累，公司已发展成为国内民营干散货航运领域的龙头企业之一。根据上海航运交易所...<截断 16 字符>', '...': '还有 1 个字段'}}
2026-04-21 23:38:02,182 | DEBUG | individu****view.agent.runners.sse_runner | 发起请求: {'method': 'POST', 'url': 'https://pure.warrenq.com/nagent/cloudtest/chat/v2/agent/outside/sse/completions', 'headers': {'AuthCode': '****'}, 'json': {'botId': '268742034725344', 'userId': '268742034726368', 'conversationId': '268742078082176', 'urlVersion': 3.0, 'messages': '请基于个股研究框架与输入图谱数据进行评测，只输出一个 JSON 对象，字段仅包含 score 和 reason。\n输入图谱数据：[{"father_chapter": "1", "id": "1.1", "abstract": "发展概况", "content": "描述公司主营业务、行业分类、市场地位及运力规模。", "sample": "公司主要从事国内沿海以及国际远洋的干散货运输业务。经过多年的积累，公司已发展成为国内民营干散货航运领域的龙头企业之一。根据上海航运交易所...<截断 16 字符>', '...': '还有 1 个字段'}, 'timeout': 600}
2026-04-21 23:38:02,761 | DEBUG | individu****view.agent.runners.sse_runner | HTTP POST https://pure.warrenq.com/nagent/cloudtest/chat/v2/agent/outside/sse/completions -> 200 (0.58s)
2026-04-21 23:38:18,316 | DEBUG | individu****view.agent.gf.stockGraph | 调用 GF 智能体: {'session': {'sessionName': '新对话', 'sessionType': 'agent', 'chatType': 'agent_chat_debug', 'agentId': '268742034726368', 'agentBatchId': '268742034725344'}, 'agent': {'botId': '268742034725344', 'userId': '268742034726368', 'conversationId': '268742078082176', 'urlVersion': 3.0, 'messages': '请基于个股研究框架与输入图谱数据进行评测，只输出一个 JSON 对象，字段仅包含 score 和 reason。\n输入图谱数据：[{"father_chapter": "1", "id": "1.1", "abstract": "发展概况", "content": "分析公司的企业定位、核心驱动因素、专注的治疗领域及全球市场战略。", "sample": "公司是一家以卓越的自主研发能力为核心驱动力的高科技创新生物医药企业，拥有全面的研发、生产和商业化能力，专注于肿瘤和自身免...<截断 15 字符>', '...': '还有 1 个字段'}}
2026-04-21 23:38:18,316 | DEBUG | individu****view.agent.runners.sse_runner | 发起请求: {'method': 'POST', 'url': 'https://pure.warrenq.com/nagent/cloudtest/chat/v2/agent/outside/sse/completions', 'headers': {'AuthCode': '****'}, 'json': {'botId': '268742034725344', 'userId': '268742034726368', 'conversationId': '268742078082176', 'urlVersion': 3.0, 'messages': '请基于个股研究框架与输入图谱数据进行评测，只输出一个 JSON 对象，字段仅包含 score 和 reason。\n输入图谱数据：[{"father_chapter": "1", "id": "1.1", "abstract": "发展概况", "content": "分析公司的企业定位、核心驱动因素、专注的治疗领域及全球市场战略。", "sample": "公司是一家以卓越的自主研发能力为核心驱动力的高科技创新生物医药企业，拥有全面的研发、生产和商业化能力，专注于肿瘤和自身免...<截断 15 字符>', '...': '还有 1 个字段'}, 'timeout': 600}
2026-04-21 23:38:18,823 | DEBUG | individu****view.agent.runners.sse_runner | HTTP POST https://pure.warrenq.com/nagent/cloudtest/chat/v2/agent/outside/sse/completions -> 200 (0.51s)
2026-04-21 23:38:35,466 | DEBUG | individu****view.agent.gf.stockGraph | 调用 GF 智能体: {'session': {'sessionName': '新对话', 'sessionType': 'agent', 'chatType': 'agent_chat_debug', 'agentId': '268742034726368', 'agentBatchId': '268742034725344'}, 'agent': {'botId': '268742034725344', 'userId': '268742034726368', 'conversationId': '268742078082176', 'urlVersion': 3.0, 'messages': '请基于个股研究框架与输入图谱数据进行评测，只输出一个 JSON 对象，字段仅包含 score 和 reason。\n输入图谱数据：[{"father_chapter": "1", "id": "1.1", "abstract": "发展概况", "content": "分析公司主营业务定位、评估全产业链布局进展、考察公司发展阶段与战略目标。", "sample": "迈克生物自成立以来始终专注于体外诊断产品的研发、生产、销售和相关服务...历经三十年发展，公司已具备研发制造体外...<截断 15 字符>', '...': '还有 1 个字段'}}
2026-04-21 23:38:35,466 | DEBUG | individu****view.agent.runners.sse_runner | 发起请求: {'method': 'POST', 'url': 'https://pure.warrenq.com/nagent/cloudtest/chat/v2/agent/outside/sse/completions', 'headers': {'AuthCode': '****'}, 'json': {'botId': '268742034725344', 'userId': '268742034726368', 'conversationId': '268742078082176', 'urlVersion': 3.0, 'messages': '请基于个股研究框架与输入图谱数据进行评测，只输出一个 JSON 对象，字段仅包含 score 和 reason。\n输入图谱数据：[{"father_chapter": "1", "id": "1.1", "abstract": "发展概况", "content": "分析公司主营业务定位、评估全产业链布局进展、考察公司发展阶段与战略目标。", "sample": "迈克生物自成立以来始终专注于体外诊断产品的研发、生产、销售和相关服务...历经三十年发展，公司已具备研发制造体外...<截断 15 字符>', '...': '还有 1 个字段'}, 'timeout': 600}
2026-04-21 23:38:36,023 | DEBUG | individu****view.agent.runners.sse_runner | HTTP POST https://pure.warrenq.com/nagent/cloudtest/chat/v2/agent/outside/sse/completions -> 200 (0.56s)
2026-04-21 23:38:51,837 | DEBUG | individu****view.agent.gf.stockGraph | 调用 GF 智能体: {'session': {'sessionName': '新对话', 'sessionType': 'agent', 'chatType': 'agent_chat_debug', 'agentId': '268742034726368', 'agentBatchId': '268742034725344'}, 'agent': {'botId': '268742034725344', 'userId': '268742034726368', 'conversationId': '268742078082176', 'urlVersion': 3.0, 'messages': '请基于个股研究框架与输入图谱数据进行评测，只输出一个 JSON 对象，字段仅包含 score 和 reason。\n输入图谱数据：[{"father_chapter": "1", "id": "1.1", "abstract": "发展概况", "content": "描述公司成立背景、主营业务定位、行业地位及整体经营现状。", "sample": "公司自成立以来，始终聚焦于智能制造领域，通过持续的技术创新和市场拓展，已发展成为国内工业机器人行业的龙头企业之一。公司产品广泛应...<截断 15 字符>', '...': '还有 1 个字段'}}
2026-04-21 23:38:51,837 | DEBUG | individu****view.agent.runners.sse_runner | 发起请求: {'method': 'POST', 'url': 'https://pure.warrenq.com/nagent/cloudtest/chat/v2/agent/outside/sse/completions', 'headers': {'AuthCode': '****'}, 'json': {'botId': '268742034725344', 'userId': '268742034726368', 'conversationId': '268742078082176', 'urlVersion': 3.0, 'messages': '请基于个股研究框架与输入图谱数据进行评测，只输出一个 JSON 对象，字段仅包含 score 和 reason。\n输入图谱数据：[{"father_chapter": "1", "id": "1.1", "abstract": "发展概况", "content": "描述公司成立背景、主营业务定位、行业地位及整体经营现状。", "sample": "公司自成立以来，始终聚焦于智能制造领域，通过持续的技术创新和市场拓展，已发展成为国内工业机器人行业的龙头企业之一。公司产品广泛应...<截断 15 字符>', '...': '还有 1 个字段'}, 'timeout': 600}
2026-04-21 23:38:52,295 | DEBUG | individu****view.agent.runners.sse_runner | HTTP POST https://pure.warrenq.com/nagent/cloudtest/chat/v2/agent/outside/sse/completions -> 200 (0.46s)
2026-04-21 23:39:15,994 | DEBUG | individu****view.agent.gf.stockGraph | 调用 GF 智能体: {'session': {'sessionName': '新对话', 'sessionType': 'agent', 'chatType': 'agent_chat_debug', 'agentId': '268742034726368', 'agentBatchId': '268742034725344'}, 'agent': {'botId': '268742034725344', 'userId': '268742034726368', 'conversationId': '268742078082176', 'urlVersion': 3.0, 'messages': '请基于个股研究框架与输入图谱数据进行评测，只输出一个 JSON 对象，字段仅包含 score 和 reason。\n输入图谱数据：[{"father_chapter": "1", "id": "1.1", "abstract": "发展概况", "content": "分析公司主营业务构成、评估公司行业地位、说明公司战略愿景。", "sample": "公司主营业务有特种纸（热敏纸、热升华转印纸、高档涂布白卡纸等）及特种材料（不干胶标签、医疗胶片涂料、数码印刷膜、造纸化工品等）...<截断 16 字符>', '...': '还有 1 个字段'}}
2026-04-21 23:39:15,994 | DEBUG | individu****view.agent.runners.sse_runner | 发起请求: {'method': 'POST', 'url': 'https://pure.warrenq.com/nagent/cloudtest/chat/v2/agent/outside/sse/completions', 'headers': {'AuthCode': '****'}, 'json': {'botId': '268742034725344', 'userId': '268742034726368', 'conversationId': '268742078082176', 'urlVersion': 3.0, 'messages': '请基于个股研究框架与输入图谱数据进行评测，只输出一个 JSON 对象，字段仅包含 score 和 reason。\n输入图谱数据：[{"father_chapter": "1", "id": "1.1", "abstract": "发展概况", "content": "分析公司主营业务构成、评估公司行业地位、说明公司战略愿景。", "sample": "公司主营业务有特种纸（热敏纸、热升华转印纸、高档涂布白卡纸等）及特种材料（不干胶标签、医疗胶片涂料、数码印刷膜、造纸化工品等）...<截断 16 字符>', '...': '还有 1 个字段'}, 'timeout': 600}
2026-04-21 23:39:16,523 | DEBUG | individu****view.agent.runners.sse_runner | HTTP POST https://pure.warrenq.com/nagent/cloudtest/chat/v2/agent/outside/sse/completions -> 200 (0.53s)
2026-04-21 23:39:34,696 | DEBUG | individu****view.agent.gf.stockGraph | 调用 GF 智能体: {'session': {'sessionName': '新对话', 'sessionType': 'agent', 'chatType': 'agent_chat_debug', 'agentId': '268742034726368', 'agentBatchId': '268742034725344'}, 'agent': {'botId': '268742034725344', 'userId': '268742034726368', 'conversationId': '268742078082176', 'urlVersion': 3.0, 'messages': '请基于个股研究框架与输入图谱数据进行评测，只输出一个 JSON 对象，字段仅包含 score 和 reason。\n输入图谱数据：[{"father_chapter": "1", "id": "1.1", "abstract": "发展概况", "content": "分析公司主营业务构成、评估公司市场定位与品牌价值、梳理公司发展目标与战略愿景。", "sample": "公司是国内领先的科学运动服务商，秉承“让简单运动融入每个人的生活”的使命，以“科学运动”为品牌定位，致力于...<截断 15 字符>', '...': '还有 1 个字段'}}
2026-04-21 23:39:34,696 | DEBUG | individu****view.agent.runners.sse_runner | 发起请求: {'method': 'POST', 'url': 'https://pure.warrenq.com/nagent/cloudtest/chat/v2/agent/outside/sse/completions', 'headers': {'AuthCode': '****'}, 'json': {'botId': '268742034725344', 'userId': '268742034726368', 'conversationId': '268742078082176', 'urlVersion': 3.0, 'messages': '请基于个股研究框架与输入图谱数据进行评测，只输出一个 JSON 对象，字段仅包含 score 和 reason。\n输入图谱数据：[{"father_chapter": "1", "id": "1.1", "abstract": "发展概况", "content": "分析公司主营业务构成、评估公司市场定位与品牌价值、梳理公司发展目标与战略愿景。", "sample": "公司是国内领先的科学运动服务商，秉承“让简单运动融入每个人的生活”的使命，以“科学运动”为品牌定位，致力于...<截断 15 字符>', '...': '还有 1 个字段'}, 'timeout': 600}
2026-04-21 23:39:35,151 | DEBUG | individu****view.agent.runners.sse_runner | HTTP POST https://pure.warrenq.com/nagent/cloudtest/chat/v2/agent/outside/sse/completions -> 200 (0.45s)
2026-04-21 23:39:56,997 | DEBUG | individu****view.agent.gf.stockGraph | 调用 GF 智能体: {'session': {'sessionName': '新对话', 'sessionType': 'agent', 'chatType': 'agent_chat_debug', 'agentId': '268742034726368', 'agentBatchId': '268742034725344'}, 'agent': {'botId': '268742034725344', 'userId': '268742034726368', 'conversationId': '268742078082176', 'urlVersion': 3.0, 'messages': '请基于个股研究框架与输入图谱数据进行评测，只输出一个 JSON 对象，字段仅包含 score 和 reason。\n输入图谱数据：[{"father_chapter": "1", "id": "1.1", "abstract": "发展概况", "content": "描述公司主营业务构成、全球化布局及核心经营理念。", "sample": "公司主要从事锂电池、LED芯片及金属物流配送三大业务，拥有20多家控股子公司遍布于马来西亚、中国华南地区和华东地区，公司长期坚持“开发高...<截断 15 字符>', '...': '还有 1 个字段'}}
2026-04-21 23:39:56,997 | DEBUG | individu****view.agent.runners.sse_runner | 发起请求: {'method': 'POST', 'url': 'https://pure.warrenq.com/nagent/cloudtest/chat/v2/agent/outside/sse/completions', 'headers': {'AuthCode': '****'}, 'json': {'botId': '268742034725344', 'userId': '268742034726368', 'conversationId': '268742078082176', 'urlVersion': 3.0, 'messages': '请基于个股研究框架与输入图谱数据进行评测，只输出一个 JSON 对象，字段仅包含 score 和 reason。\n输入图谱数据：[{"father_chapter": "1", "id": "1.1", "abstract": "发展概况", "content": "描述公司主营业务构成、全球化布局及核心经营理念。", "sample": "公司主要从事锂电池、LED芯片及金属物流配送三大业务，拥有20多家控股子公司遍布于马来西亚、中国华南地区和华东地区，公司长期坚持“开发高...<截断 15 字符>', '...': '还有 1 个字段'}, 'timeout': 600}
2026-04-21 23:39:57,521 | DEBUG | individu****view.agent.runners.sse_runner | HTTP POST https://pure.warrenq.com/nagent/cloudtest/chat/v2/agent/outside/sse/completions -> 200 (0.52s)
2026-04-21 23:40:09,199 | DEBUG | individu****view.agent.gf.stockGraph | 调用 GF 智能体: {'session': {'sessionName': '新对话', 'sessionType': 'agent', 'chatType': 'agent_chat_debug', 'agentId': '268742034726368', 'agentBatchId': '268742034725344'}, 'agent': {'botId': '268742034725344', 'userId': '268742034726368', 'conversationId': '268742078082176', 'urlVersion': 3.0, 'messages': '请基于个股研究框架与输入图谱数据进行评测，只输出一个 JSON 对象，字段仅包含 score 和 reason。\n输入图谱数据：[{"father_chapter": "1", "id": "1.1", "abstract": "发展概况", "content": "概述公司主营业务构成、产业布局及区域优势。", "sample": "公司主要从事铜、铅、锌、铁等基本有色金属、黑色金属的采选、冶炼、贸易等业务，以及钼、镍、钒、黄金、白银等稀贵金属和硫精矿等产品的生产及销售，同...<截断 15 字符>', '...': '还有 1 个字段'}}
2026-04-21 23:40:09,200 | DEBUG | individu****view.agent.runners.sse_runner | 发起请求: {'method': 'POST', 'url': 'https://pure.warrenq.com/nagent/cloudtest/chat/v2/agent/outside/sse/completions', 'headers': {'AuthCode': '****'}, 'json': {'botId': '268742034725344', 'userId': '268742034726368', 'conversationId': '268742078082176', 'urlVersion': 3.0, 'messages': '请基于个股研究框架与输入图谱数据进行评测，只输出一个 JSON 对象，字段仅包含 score 和 reason。\n输入图谱数据：[{"father_chapter": "1", "id": "1.1", "abstract": "发展概况", "content": "概述公司主营业务构成、产业布局及区域优势。", "sample": "公司主要从事铜、铅、锌、铁等基本有色金属、黑色金属的采选、冶炼、贸易等业务，以及钼、镍、钒、黄金、白银等稀贵金属和硫精矿等产品的生产及销售，同...<截断 15 字符>', '...': '还有 1 个字段'}, 'timeout': 600}
2026-04-21 23:40:16,793 | DEBUG | individu****view.agent.gf.stockGraph | 调用 GF 智能体: {'session': {'sessionName': '新对话', 'sessionType': 'agent', 'chatType': 'agent_chat_debug', 'agentId': '268742034726368', 'agentBatchId': '268742034725344'}, 'agent': {'botId': '268742034725344', 'userId': '268742034726368', 'conversationId': '268742078082176', 'urlVersion': 3.0, 'messages': '请基于个股研究框架与输入图谱数据进行评测，只输出一个 JSON 对象，字段仅包含 score 和 reason。\n输入图谱数据：[{"father_chapter": "1", "id": "1.1", "abstract": "发展概况", "content": "分析公司主营业务构成、行业地位及战略定位。", "sample": "报告期内，公司主营业务主要包括钢结构、化纤、新能源三大业务板块。公司始终致力于钢结构主业发展，是装配式集成建筑服务商，作为国家发改委批准的全国...<截断 16 字符>', '...': '还有 1 个字段'}}
2026-04-21 23:40:16,793 | DEBUG | individu****view.agent.runners.sse_runner | 发起请求: {'method': 'POST', 'url': 'https://pure.warrenq.com/nagent/cloudtest/chat/v2/agent/outside/sse/completions', 'headers': {'AuthCode': '****'}, 'json': {'botId': '268742034725344', 'userId': '268742034726368', 'conversationId': '268742078082176', 'urlVersion': 3.0, 'messages': '请基于个股研究框架与输入图谱数据进行评测，只输出一个 JSON 对象，字段仅包含 score 和 reason。\n输入图谱数据：[{"father_chapter": "1", "id": "1.1", "abstract": "发展概况", "content": "分析公司主营业务构成、行业地位及战略定位。", "sample": "报告期内，公司主营业务主要包括钢结构、化纤、新能源三大业务板块。公司始终致力于钢结构主业发展，是装配式集成建筑服务商，作为国家发改委批准的全国...<截断 16 字符>', '...': '还有 1 个字段'}, 'timeout': 600}
2026-04-21 23:40:16,884 | DEBUG | individu****view.agent.runners.sse_runner | HTTP POST https://pure.warrenq.com/nagent/cloudtest/chat/v2/agent/outside/sse/completions -> 200 (7.68s)
2026-04-21 23:40:35,613 | DEBUG | individu****view.agent.runners.sse_runner | HTTP POST https://pure.warrenq.com/nagent/cloudtest/chat/v2/agent/outside/sse/completions -> 200 (18.82s)
2026-04-21 23:41:21,702 | DEBUG | individu****view.agent.gf.stockGraph | 调用 GF 智能体: {'session': {'sessionName': '新对话', 'sessionType': 'agent', 'chatType': 'agent_chat_debug', 'agentId': '268742034726368', 'agentBatchId': '268742034725344'}, 'agent': {'botId': '268742034725344', 'userId': '268742034726368', 'conversationId': '268742078082176', 'urlVersion': 3.0, 'messages': '请基于个股研究框架与输入图谱数据进行评测，只输出一个 JSON 对象，字段仅包含 score 和 reason。\n输入图谱数据：[{"father_chapter": "1", "id": "1.1", "abstract": "发展概况", "content": "分析公司整体经营战略方向、业务转型进展及年度经营成果。", "sample": "2025年至今，公司确立从传统商业地产运营服务商，向“稳健资产运营+高端硬科技产业投资与运营”的多元化科技型上市公司转型的总体方向...<截断 15 字符>', '...': '还有 1 个字段'}}
2026-04-21 23:41:21,703 | DEBUG | individu****view.agent.runners.sse_runner | 发起请求: {'method': 'POST', 'url': 'https://pure.warrenq.com/nagent/cloudtest/chat/v2/agent/outside/sse/completions', 'headers': {'AuthCode': '****'}, 'json': {'botId': '268742034725344', 'userId': '268742034726368', 'conversationId': '268742078082176', 'urlVersion': 3.0, 'messages': '请基于个股研究框架与输入图谱数据进行评测，只输出一个 JSON 对象，字段仅包含 score 和 reason。\n输入图谱数据：[{"father_chapter": "1", "id": "1.1", "abstract": "发展概况", "content": "分析公司整体经营战略方向、业务转型进展及年度经营成果。", "sample": "2025年至今，公司确立从传统商业地产运营服务商，向“稳健资产运营+高端硬科技产业投资与运营”的多元化科技型上市公司转型的总体方向...<截断 15 字符>', '...': '还有 1 个字段'}, 'timeout': 600}
2026-04-21 23:41:27,906 | DEBUG | individu****view.agent.gf.stockGraph | 调用 GF 智能体: {'session': {'sessionName': '新对话', 'sessionType': 'agent', 'chatType': 'agent_chat_debug', 'agentId': '268742034726368', 'agentBatchId': '268742034725344'}, 'agent': {'botId': '268742034725344', 'userId': '268742034726368', 'conversationId': '268742078082176', 'urlVersion': 3.0, 'messages': '请基于个股研究框架与输入图谱数据进行评测，只输出一个 JSON 对象，字段仅包含 score 和 reason。\n输入图谱数据：[{"father_chapter": "1", "id": "1.1", "abstract": "发展概况", "content": "分析公司主营业务定位、所属行业及市场地位。", "sample": "公司主要产品为集成电路测试分选机，属于集成电路专用设备领域的测试分选设备，根据《国民经济行业分类与代码》（GB/T4754-2017），隶属于...<截断 15 字符>', '...': '还有 1 个字段'}}
2026-04-21 23:41:27,907 | DEBUG | individu****view.agent.runners.sse_runner | 发起请求: {'method': 'POST', 'url': 'https://pure.warrenq.com/nagent/cloudtest/chat/v2/agent/outside/sse/completions', 'headers': {'AuthCode': '****'}, 'json': {'botId': '268742034725344', 'userId': '268742034726368', 'conversationId': '268742078082176', 'urlVersion': 3.0, 'messages': '请基于个股研究框架与输入图谱数据进行评测，只输出一个 JSON 对象，字段仅包含 score 和 reason。\n输入图谱数据：[{"father_chapter": "1", "id": "1.1", "abstract": "发展概况", "content": "分析公司主营业务定位、所属行业及市场地位。", "sample": "公司主要产品为集成电路测试分选机，属于集成电路专用设备领域的测试分选设备，根据《国民经济行业分类与代码》（GB/T4754-2017），隶属于...<截断 15 字符>', '...': '还有 1 个字段'}, 'timeout': 600}
2026-04-21 23:41:29,100 | DEBUG | individu****view.agent.runners.sse_runner | HTTP POST https://pure.warrenq.com/nagent/cloudtest/chat/v2/agent/outside/sse/completions -> 200 (1.19s)
2026-04-21 23:42:11,226 | DEBUG | individu****view.agent.gf.stockGraph | 调用 GF 智能体: {'session': {'sessionName': '新对话', 'sessionType': 'agent', 'chatType': 'agent_chat_debug', 'agentId': '268742034726368', 'agentBatchId': '268742034725344'}, 'agent': {'botId': '268742034725344', 'userId': '268742034726368', 'conversationId': '268742078082176', 'urlVersion': 3.0, 'messages': '请基于个股研究框架与输入图谱数据进行评测，只输出一个 JSON 对象，字段仅包含 score 和 reason。\n输入图谱数据：[{"father_chapter": "1", "id": "1.1", "abstract": "发展概况", "content": "分析公司主营业务构成、评估各业务板块的战略定位、梳理公司整体经营模式。", "sample": "报告期内，公司主要从事智慧专网、生物纤维素基材及农牧领域业务，智慧专网方面，持续发力智慧电网、智慧交通，促进所服务...<截断 16 字符>', '...': '还有 1 个字段'}}
2026-04-21 23:42:11,226 | DEBUG | individu****view.agent.runners.sse_runner | 发起请求: {'method': 'POST', 'url': 'https://pure.warrenq.com/nagent/cloudtest/chat/v2/agent/outside/sse/completions', 'headers': {'AuthCode': '****'}, 'json': {'botId': '268742034725344', 'userId': '268742034726368', 'conversationId': '268742078082176', 'urlVersion': 3.0, 'messages': '请基于个股研究框架与输入图谱数据进行评测，只输出一个 JSON 对象，字段仅包含 score 和 reason。\n输入图谱数据：[{"father_chapter": "1", "id": "1.1", "abstract": "发展概况", "content": "分析公司主营业务构成、评估各业务板块的战略定位、梳理公司整体经营模式。", "sample": "报告期内，公司主要从事智慧专网、生物纤维素基材及农牧领域业务，智慧专网方面，持续发力智慧电网、智慧交通，促进所服务...<截断 16 字符>', '...': '还有 1 个字段'}, 'timeout': 600}
2026-04-21 23:42:21,727 | ERROR | individu****view.agent.runners.sse_runner | 请求失败: {'method': 'POST', 'url': 'https://pure.warrenq.com/nagent/cloudtest/chat/v2/agent/outside/sse/completions', 'headers': {'AuthCode': '****'}, 'json': {'botId': '268742034725344', 'userId': '268742034726368', 'conversationId': '268742078082176', 'urlVersion': 3.0, 'messages': '请基于个股研究框架与输入图谱数据进行评测，只输出一个 JSON 对象，字段仅包含 score 和 reason。\n输入图谱数据：[{"father_chapter": "1", "id": "1.1", "abstract": "发展概况", "content": "分析公司整体经营战略方向、业务转型进展及年度经营成果。", "sample": "2025年至今，公司确立从传统商业地产运营服务商，向“稳健资产运营+高端硬科技产业投资与运营”的多元化科技型上市公司转型的总体方向...<截断 15 字符>', '...': '还有 1 个字段'}, 'timeout': None}
Traceback (most recent call last):
  File "/home/customTest/miniconda3/lib/python3.13/site-packages/aiohttp/connector.py", line 1325, in _wrap_cr****tion
    return await self._loop.create_connection(*args, **kwargs, sock=sock)
           ^^^^^^^^^^^^^^^^^^^^^^^^^^^^^^^^^^^^^^^^^^^^^^^^^^^^^^^^^^^^^^
  File "/home/customTest/miniconda3/lib/python3.13/asyncio/base_events.py", line 1201, in create_connection
    transport, protocol = await self._create_****port(
                          ^^^^^^^^^^^^^^^^^^^^^^^^^^^^^^^^^^^^^^^^
    ...<2 lines>...
        ssl_shut****eout=ssl_shut****eout)
        ^^^^^^^^^^^^^^^^^^^^^^^^^^^^^^^^^^^^^^^^^^
  File "/home/customTest/miniconda3/lib/python3.13/asyncio/base_events.py", line 1234, in _create_****port
    await waiter
Connecti****rror: SSL handshake is taking longer than 60.0 seconds: aborting the connection

The above exception was the direct cause of the following exception:

Traceback (most recent call last):
  File "/home/customTest/individu****view/agent/runners/sse_runner.py", line 160, in apiRequestAsync
    async with session.request(**request_params) as response:
               ~~~~~~~~~~~~~~~^^^^^^^^^^^^^^^^^^
  File "/home/customTest/miniconda3/lib/python3.13/site-packages/aiohttp/client.py", line 1521, in __aenter__
    self._resp: _RetType = await self._coro
                           ^^^^^^^^^^^^^^^^
  File "/home/customTest/miniconda3/lib/python3.13/site-packages/aiohttp/client.py", line 788, in _request
    resp = await handler(req)
           ^^^^^^^^^^^^^^^^^^
  File "/home/customTest/miniconda3/lib/python3.13/site-packages/aiohttp/client.py", line 742, in _connect****uest
    conn = await self._connector.connect(
           ^^^^^^^^^^^^^^^^^^^^^^^^^^^^^^
        req, traces=traces, timeout=real_timeout
        ^^^^^^^^^^^^^^^^^^^^^^^^^^^^^^^^^^^^^^^^
    )
    ^
  File "/home/customTest/miniconda3/lib/python3.13/site-packages/aiohttp/connector.py", line 672, in connect
    proto = await self._create_connection(req, traces, timeout)
            ^^^^^^^^^^^^^^^^^^^^^^^^^^^^^^^^^^^^^^^^^^^^^^^^^^^
  File "/home/customTest/miniconda3/lib/python3.13/site-packages/aiohttp/connector.py", line 1251, in _create_connection
    _, proto = await self._create_****tion(req, traces, timeout)
               ^^^^^^^^^^^^^^^^^^^^^^^^^^^^^^^^^^^^^^^^^^^^^^^^^^^^^^^^^^
  File "/home/customTest/miniconda3/lib/python3.13/site-packages/aiohttp/connector.py", line 1623, in _create_****tion
    raise last_exc
  File "/home/customTest/miniconda3/lib/python3.13/site-packages/aiohttp/connector.py", line 1592, in _create_****tion
    transp, proto = await self._wrap_cr****tion(
                    ^^^^^^^^^^^^^^^^^^^^^^^^^^^^^^^^^^^
    ...<7 lines>...
    )
    ^
  File "/home/customTest/miniconda3/lib/python3.13/site-packages/aiohttp/connector.py", line 1333, in _wrap_cr****tion
    raise client_error(req.connection_key, exc) from exc
aiohttp.client_exceptions.ClientCo****rror: Cannot connect to host pure.warrenq.com:443 ssl:default [None]
2026-04-21 23:42:21,732 | WARNING | individu****view.agent.runners.sse_runner | 请求重试耗尽: {'method': 'POST', 'url': 'https://pure.warrenq.com/nagent/cloudtest/chat/v2/agent/outside/sse/completions', 'headers': {'AuthCode': '****'}, 'json': {'botId': '268742034725344', 'userId': '268742034726368', 'conversationId': '268742078082176', 'urlVersion': 3.0, 'messages': '请基于个股研究框架与输入图谱数据进行评测，只输出一个 JSON 对象，字段仅包含 score 和 reason。\n输入图谱数据：[{"father_chapter": "1", "id": "1.1", "abstract": "发展概况", "content": "分析公司整体经营战略方向、业务转型进展及年度经营成果。", "sample": "2025年至今，公司确立从传统商业地产运营服务商，向“稳健资产运营+高端硬科技产业投资与运营”的多元化科技型上市公司转型的总体方向...<截断 15 字符>', '...': '还有 1 个字段'}, 'timeout': 600}
2026-04-21 23:42:21,733 | DEBUG | individu****view.agent.gf.stockGraph | 调用 GF 智能体: {'session': {'sessionName': '新对话', 'sessionType': 'agent', 'chatType': 'agent_chat_debug', 'agentId': '268742034726368', 'agentBatchId': '268742034725344'}, 'agent': {'botId': '268742034725344', 'userId': '268742034726368', 'conversationId': '268742078082176', 'urlVersion': 3.0, 'messages': '请基于个股研究框架与输入图谱数据进行评测，只输出一个 JSON 对象，字段仅包含 score 和 reason。\n输入图谱数据：[{"father_chapter": "1", "id": "1.1", "abstract": "发展概况", "content": "分析公司整体经营战略方向、业务转型进展及年度经营成果。", "sample": "2025年至今，公司确立从传统商业地产运营服务商，向“稳健资产运营+高端硬科技产业投资与运营”的多元化科技型上市公司转型的总体方向...<截断 15 字符>', '...': '还有 1 个字段'}}
2026-04-21 23:42:21,734 | DEBUG | individu****view.agent.runners.sse_runner | 发起请求: {'method': 'POST', 'url': 'https://pure.warrenq.com/nagent/cloudtest/chat/v2/agent/outside/sse/completions', 'headers': {'AuthCode': '****'}, 'json': {'botId': '268742034725344', 'userId': '268742034726368', 'conversationId': '268742078082176', 'urlVersion': 3.0, 'messages': '请基于个股研究框架与输入图谱数据进行评测，只输出一个 JSON 对象，字段仅包含 score 和 reason。\n输入图谱数据：[{"father_chapter": "1", "id": "1.1", "abstract": "发展概况", "content": "分析公司整体经营战略方向、业务转型进展及年度经营成果。", "sample": "2025年至今，公司确立从传统商业地产运营服务商，向“稳健资产运营+高端硬科技产业投资与运营”的多元化科技型上市公司转型的总体方向...<截断 15 字符>', '...': '还有 1 个字段'}, 'timeout': 600}
2026-04-21 23:42:51,596 | DEBUG | individu****view.agent.gf.stockGraph | 调用 GF 智能体: {'session': {'sessionName': '新对话', 'sessionType': 'agent', 'chatType': 'agent_chat_debug', 'agentId': '268742034726368', 'agentBatchId': '268742034725344'}, 'agent': {'botId': '268742034725344', 'userId': '268742034726368', 'conversationId': '268742078082176', 'urlVersion': 3.0, 'messages': '请基于个股研究框架与输入图谱数据进行评测，只输出一个 JSON 对象，字段仅包含 score 和 reason。\n输入图谱数据：[{"father_chapter": "1", "id": "1.1", "abstract": "发展概况", "content": "分析公司主营业务、行业地位、企业使命及核心能力。", "sample": "公司是国内领先的智联网硬件产品及解决方案提供商，国家高新技术企业，国家“专精特新”小巨人企业。公司构建了基于多场景的产品定义、多形态的产...<截断 15 字符>', '...': '还有 1 个字段'}}
2026-04-21 23:42:51,596 | DEBUG | individu****view.agent.runners.sse_runner | 发起请求: {'method': 'POST', 'url': 'https://pure.warrenq.com/nagent/cloudtest/chat/v2/agent/outside/sse/completions', 'headers': {'AuthCode': '****'}, 'json': {'botId': '268742034725344', 'userId': '268742034726368', 'conversationId': '268742078082176', 'urlVersion': 3.0, 'messages': '请基于个股研究框架与输入图谱数据进行评测，只输出一个 JSON 对象，字段仅包含 score 和 reason。\n输入图谱数据：[{"father_chapter": "1", "id": "1.1", "abstract": "发展概况", "content": "分析公司主营业务、行业地位、企业使命及核心能力。", "sample": "公司是国内领先的智联网硬件产品及解决方案提供商，国家高新技术企业，国家“专精特新”小巨人企业。公司构建了基于多场景的产品定义、多形态的产...<截断 15 字符>', '...': '还有 1 个字段'}, 'timeout': 600}
2026-04-21 23:42:52,096 | DEBUG | individu****view.agent.runners.sse_runner | HTTP POST https://pure.warrenq.com/nagent/cloudtest/chat/v2/agent/outside/sse/completions -> 200 (0.50s)
2026-04-21 23:43:11,271 | ERROR | individu****view.agent.runners.sse_runner | 请求失败: {'method': 'POST', 'url': 'https://pure.warrenq.com/nagent/cloudtest/chat/v2/agent/outside/sse/completions', 'headers': {'AuthCode': '****'}, 'json': {'botId': '268742034725344', 'userId': '268742034726368', 'conversationId': '268742078082176', 'urlVersion': 3.0, 'messages': '请基于个股研究框架与输入图谱数据进行评测，只输出一个 JSON 对象，字段仅包含 score 和 reason。\n输入图谱数据：[{"father_chapter": "1", "id": "1.1", "abstract": "发展概况", "content": "分析公司主营业务构成、评估各业务板块的战略定位、梳理公司整体经营模式。", "sample": "报告期内，公司主要从事智慧专网、生物纤维素基材及农牧领域业务，智慧专网方面，持续发力智慧电网、智慧交通，促进所服务...<截断 16 字符>', '...': '还有 1 个字段'}, 'timeout': None}
Traceback (most recent call last):
  File "/home/customTest/miniconda3/lib/python3.13/site-packages/aiohttp/connector.py", line 1325, in _wrap_cr****tion
    return await self._loop.create_connection(*args, **kwargs, sock=sock)
           ^^^^^^^^^^^^^^^^^^^^^^^^^^^^^^^^^^^^^^^^^^^^^^^^^^^^^^^^^^^^^^
  File "/home/customTest/miniconda3/lib/python3.13/asyncio/base_events.py", line 1201, in create_connection
    transport, protocol = await self._create_****port(
                          ^^^^^^^^^^^^^^^^^^^^^^^^^^^^^^^^^^^^^^^^
    ...<2 lines>...
        ssl_shut****eout=ssl_shut****eout)
        ^^^^^^^^^^^^^^^^^^^^^^^^^^^^^^^^^^^^^^^^^^
  File "/home/customTest/miniconda3/lib/python3.13/asyncio/base_events.py", line 1234, in _create_****port
    await waiter
Connecti****rror: SSL handshake is taking longer than 60.0 seconds: aborting the connection

The above exception was the direct cause of the following exception:

Traceback (most recent call last):
  File "/home/customTest/individu****view/agent/runners/sse_runner.py", line 160, in apiRequestAsync
    async with session.request(**request_params) as response:
               ~~~~~~~~~~~~~~~^^^^^^^^^^^^^^^^^^
  File "/home/customTest/miniconda3/lib/python3.13/site-packages/aiohttp/client.py", line 1521, in __aenter__
    self._resp: _RetType = await self._coro
                           ^^^^^^^^^^^^^^^^
  File "/home/customTest/miniconda3/lib/python3.13/site-packages/aiohttp/client.py", line 788, in _request
    resp = await handler(req)
           ^^^^^^^^^^^^^^^^^^
  File "/home/customTest/miniconda3/lib/python3.13/site-packages/aiohttp/client.py", line 742, in _connect****uest
    conn = await self._connector.connect(
           ^^^^^^^^^^^^^^^^^^^^^^^^^^^^^^
        req, traces=traces, timeout=real_timeout
        ^^^^^^^^^^^^^^^^^^^^^^^^^^^^^^^^^^^^^^^^
    )
    ^
  File "/home/customTest/miniconda3/lib/python3.13/site-packages/aiohttp/connector.py", line 672, in connect
    proto = await self._create_connection(req, traces, timeout)
            ^^^^^^^^^^^^^^^^^^^^^^^^^^^^^^^^^^^^^^^^^^^^^^^^^^^
  File "/home/customTest/miniconda3/lib/python3.13/site-packages/aiohttp/connector.py", line 1251, in _create_connection
    _, proto = await self._create_****tion(req, traces, timeout)
               ^^^^^^^^^^^^^^^^^^^^^^^^^^^^^^^^^^^^^^^^^^^^^^^^^^^^^^^^^^
  File "/home/customTest/miniconda3/lib/python3.13/site-packages/aiohttp/connector.py", line 1623, in _create_****tion
    raise last_exc
  File "/home/customTest/miniconda3/lib/python3.13/site-packages/aiohttp/connector.py", line 1592, in _create_****tion
    transp, proto = await self._wrap_cr****tion(
                    ^^^^^^^^^^^^^^^^^^^^^^^^^^^^^^^^^^^
    ...<7 lines>...
    )
    ^
  File "/home/customTest/miniconda3/lib/python3.13/site-packages/aiohttp/connector.py", line 1333, in _wrap_cr****tion
    raise client_error(req.connection_key, exc) from exc
aiohttp.client_exceptions.ClientCo****rror: Cannot connect to host pure.warrenq.com:443 ssl:default [None]
2026-04-21 23:43:11,275 | WARNING | individu****view.agent.runners.sse_runner | 请求重试耗尽: {'method': 'POST', 'url': 'https://pure.warrenq.com/nagent/cloudtest/chat/v2/agent/outside/sse/completions', 'headers': {'AuthCode': '****'}, 'json': {'botId': '268742034725344', 'userId': '268742034726368', 'conversationId': '268742078082176', 'urlVersion': 3.0, 'messages': '请基于个股研究框架与输入图谱数据进行评测，只输出一个 JSON 对象，字段仅包含 score 和 reason。\n输入图谱数据：[{"father_chapter": "1", "id": "1.1", "abstract": "发展概况", "content": "分析公司主营业务构成、评估各业务板块的战略定位、梳理公司整体经营模式。", "sample": "报告期内，公司主要从事智慧专网、生物纤维素基材及农牧领域业务，智慧专网方面，持续发力智慧电网、智慧交通，促进所服务...<截断 16 字符>', '...': '还有 1 个字段'}, 'timeout': 600}
2026-04-21 23:43:11,276 | DEBUG | individu****view.agent.gf.stockGraph | 调用 GF 智能体: {'session': {'sessionName': '新对话', 'sessionType': 'agent', 'chatType': 'agent_chat_debug', 'agentId': '268742034726368', 'agentBatchId': '268742034725344'}, 'agent': {'botId': '268742034725344', 'userId': '268742034726368', 'conversationId': '268742078082176', 'urlVersion': 3.0, 'messages': '请基于个股研究框架与输入图谱数据进行评测，只输出一个 JSON 对象，字段仅包含 score 和 reason。\n输入图谱数据：[{"father_chapter": "1", "id": "1.1", "abstract": "发展概况", "content": "分析公司主营业务构成、评估各业务板块的战略定位、梳理公司整体经营模式。", "sample": "报告期内，公司主要从事智慧专网、生物纤维素基材及农牧领域业务，智慧专网方面，持续发力智慧电网、智慧交通，促进所服务...<截断 16 字符>', '...': '还有 1 个字段'}}
2026-04-21 23:43:11,276 | DEBUG | individu****view.agent.runners.sse_runner | 发起请求: {'method': 'POST', 'url': 'https://pure.warrenq.com/nagent/cloudtest/chat/v2/agent/outside/sse/completions', 'headers': {'AuthCode': '****'}, 'json': {'botId': '268742034725344', 'userId': '268742034726368', 'conversationId': '268742078082176', 'urlVersion': 3.0, 'messages': '请基于个股研究框架与输入图谱数据进行评测，只输出一个 JSON 对象，字段仅包含 score 和 reason。\n输入图谱数据：[{"father_chapter": "1", "id": "1.1", "abstract": "发展概况", "content": "分析公司主营业务构成、评估各业务板块的战略定位、梳理公司整体经营模式。", "sample": "报告期内，公司主要从事智慧专网、生物纤维素基材及农牧领域业务，智慧专网方面，持续发力智慧电网、智慧交通，促进所服务...<截断 16 字符>', '...': '还有 1 个字段'}, 'timeout': 600}
2026-04-21 23:43:11,817 | DEBUG | individu****view.agent.runners.sse_runner | HTTP POST https://pure.warrenq.com/nagent/cloudtest/chat/v2/agent/outside/sse/completions -> 200 (0.54s)
2026-04-21 23:43:21,754 | ERROR | individu****view.agent.runners.sse_runner | 请求失败: {'method': 'POST', 'url': 'https://pure.warrenq.com/nagent/cloudtest/chat/v2/agent/outside/sse/completions', 'headers': {'AuthCode': '****'}, 'json': {'botId': '268742034725344', 'userId': '268742034726368', 'conversationId': '268742078082176', 'urlVersion': 3.0, 'messages': '请基于个股研究框架与输入图谱数据进行评测，只输出一个 JSON 对象，字段仅包含 score 和 reason。\n输入图谱数据：[{"father_chapter": "1", "id": "1.1", "abstract": "发展概况", "content": "分析公司整体经营战略方向、业务转型进展及年度经营成果。", "sample": "2025年至今，公司确立从传统商业地产运营服务商，向“稳健资产运营+高端硬科技产业投资与运营”的多元化科技型上市公司转型的总体方向...<截断 15 字符>', '...': '还有 1 个字段'}, 'timeout': None}
Traceback (most recent call last):
  File "/home/customTest/miniconda3/lib/python3.13/site-packages/aiohttp/connector.py", line 1325, in _wrap_cr****tion
    return await self._loop.create_connection(*args, **kwargs, sock=sock)
           ^^^^^^^^^^^^^^^^^^^^^^^^^^^^^^^^^^^^^^^^^^^^^^^^^^^^^^^^^^^^^^
  File "/home/customTest/miniconda3/lib/python3.13/asyncio/base_events.py", line 1201, in create_connection
    transport, protocol = await self._create_****port(
                          ^^^^^^^^^^^^^^^^^^^^^^^^^^^^^^^^^^^^^^^^
    ...<2 lines>...
        ssl_shut****eout=ssl_shut****eout)
        ^^^^^^^^^^^^^^^^^^^^^^^^^^^^^^^^^^^^^^^^^^
  File "/home/customTest/miniconda3/lib/python3.13/asyncio/base_events.py", line 1234, in _create_****port
    await waiter
Connecti****rror: SSL handshake is taking longer than 60.0 seconds: aborting the connection

The above exception was the direct cause of the following exception:

Traceback (most recent call last):
  File "/home/customTest/individu****view/agent/runners/sse_runner.py", line 160, in apiRequestAsync
    async with session.request(**request_params) as response:
               ~~~~~~~~~~~~~~~^^^^^^^^^^^^^^^^^^
  File "/home/customTest/miniconda3/lib/python3.13/site-packages/aiohttp/client.py", line 1521, in __aenter__
    self._resp: _RetType = await self._coro
                           ^^^^^^^^^^^^^^^^
  File "/home/customTest/miniconda3/lib/python3.13/site-packages/aiohttp/client.py", line 788, in _request
    resp = await handler(req)
           ^^^^^^^^^^^^^^^^^^
  File "/home/customTest/miniconda3/lib/python3.13/site-packages/aiohttp/client.py", line 742, in _connect****uest
    conn = await self._connector.connect(
           ^^^^^^^^^^^^^^^^^^^^^^^^^^^^^^
        req, traces=traces, timeout=real_timeout
        ^^^^^^^^^^^^^^^^^^^^^^^^^^^^^^^^^^^^^^^^
    )
    ^
  File "/home/customTest/miniconda3/lib/python3.13/site-packages/aiohttp/connector.py", line 672, in connect
    proto = await self._create_connection(req, traces, timeout)
            ^^^^^^^^^^^^^^^^^^^^^^^^^^^^^^^^^^^^^^^^^^^^^^^^^^^
  File "/home/customTest/miniconda3/lib/python3.13/site-packages/aiohttp/connector.py", line 1251, in _create_connection
    _, proto = await self._create_****tion(req, traces, timeout)
               ^^^^^^^^^^^^^^^^^^^^^^^^^^^^^^^^^^^^^^^^^^^^^^^^^^^^^^^^^^
  File "/home/customTest/miniconda3/lib/python3.13/site-packages/aiohttp/connector.py", line 1623, in _create_****tion
    raise last_exc
  File "/home/customTest/miniconda3/lib/python3.13/site-packages/aiohttp/connector.py", line 1592, in _create_****tion
    transp, proto = await self._wrap_cr****tion(
                    ^^^^^^^^^^^^^^^^^^^^^^^^^^^^^^^^^^^
    ...<7 lines>...
    )
    ^
  File "/home/customTest/miniconda3/lib/python3.13/site-packages/aiohttp/connector.py", line 1333, in _wrap_cr****tion
    raise client_error(req.connection_key, exc) from exc
aiohttp.client_exceptions.ClientCo****rror: Cannot connect to host pure.warrenq.com:443 ssl:default [None]
2026-04-21 23:43:21,759 | WARNING | individu****view.agent.runners.sse_runner | 请求重试耗尽: {'method': 'POST', 'url': 'https://pure.warrenq.com/nagent/cloudtest/chat/v2/agent/outside/sse/completions', 'headers': {'AuthCode': '****'}, 'json': {'botId': '268742034725344', 'userId': '268742034726368', 'conversationId': '268742078082176', 'urlVersion': 3.0, 'messages': '请基于个股研究框架与输入图谱数据进行评测，只输出一个 JSON 对象，字段仅包含 score 和 reason。\n输入图谱数据：[{"father_chapter": "1", "id": "1.1", "abstract": "发展概况", "content": "分析公司整体经营战略方向、业务转型进展及年度经营成果。", "sample": "2025年至今，公司确立从传统商业地产运营服务商，向“稳健资产运营+高端硬科技产业投资与运营”的多元化科技型上市公司转型的总体方向...<截断 15 字符>', '...': '还有 1 个字段'}, 'timeout': 600}
2026-04-21 23:43:21,759 | DEBUG | individu****view.agent.gf.stockGraph | 调用 GF 智能体: {'session': {'sessionName': '新对话', 'sessionType': 'agent', 'chatType': 'agent_chat_debug', 'agentId': '268742034726368', 'agentBatchId': '268742034725344'}, 'agent': {'botId': '268742034725344', 'userId': '268742034726368', 'conversationId': '268742078082176', 'urlVersion': 3.0, 'messages': '请基于个股研究框架与输入图谱数据进行评测，只输出一个 JSON 对象，字段仅包含 score 和 reason。\n输入图谱数据：[{"father_chapter": "1", "id": "1.1", "abstract": "发展概况", "content": "分析公司整体经营战略方向、业务转型进展及年度经营成果。", "sample": "2025年至今，公司确立从传统商业地产运营服务商，向“稳健资产运营+高端硬科技产业投资与运营”的多元化科技型上市公司转型的总体方向...<截断 15 字符>', '...': '还有 1 个字段'}}
2026-04-21 23:43:21,760 | DEBUG | individu****view.agent.runners.sse_runner | 发起请求: {'method': 'POST', 'url': 'https://pure.warrenq.com/nagent/cloudtest/chat/v2/agent/outside/sse/completions', 'headers': {'AuthCode': '****'}, 'json': {'botId': '268742034725344', 'userId': '268742034726368', 'conversationId': '268742078082176', 'urlVersion': 3.0, 'messages': '请基于个股研究框架与输入图谱数据进行评测，只输出一个 JSON 对象，字段仅包含 score 和 reason。\n输入图谱数据：[{"father_chapter": "1", "id": "1.1", "abstract": "发展概况", "content": "分析公司整体经营战略方向、业务转型进展及年度经营成果。", "sample": "2025年至今，公司确立从传统商业地产运营服务商，向“稳健资产运营+高端硬科技产业投资与运营”的多元化科技型上市公司转型的总体方向...<截断 15 字符>', '...': '还有 1 个字段'}, 'timeout': 600}
2026-04-21 23:44:22,837 | ERROR | individu****view.agent.runners.sse_runner | 请求失败: {'method': 'POST', 'url': 'https://pure.warrenq.com/nagent/cloudtest/chat/v2/agent/outside/sse/completions', 'headers': {'AuthCode': '****'}, 'json': {'botId': '268742034725344', 'userId': '268742034726368', 'conversationId': '268742078082176', 'urlVersion': 3.0, 'messages': '请基于个股研究框架与输入图谱数据进行评测，只输出一个 JSON 对象，字段仅包含 score 和 reason。\n输入图谱数据：[{"father_chapter": "1", "id": "1.1", "abstract": "发展概况", "content": "分析公司整体经营战略方向、业务转型进展及年度经营成果。", "sample": "2025年至今，公司确立从传统商业地产运营服务商，向“稳健资产运营+高端硬科技产业投资与运营”的多元化科技型上市公司转型的总体方向...<截断 15 字符>', '...': '还有 1 个字段'}, 'timeout': None}
Traceback (most recent call last):
  File "/home/customTest/miniconda3/lib/python3.13/site-packages/aiohttp/connector.py", line 1325, in _wrap_cr****tion
    return await self._loop.create_connection(*args, **kwargs, sock=sock)
           ^^^^^^^^^^^^^^^^^^^^^^^^^^^^^^^^^^^^^^^^^^^^^^^^^^^^^^^^^^^^^^
  File "/home/customTest/miniconda3/lib/python3.13/asyncio/base_events.py", line 1201, in create_connection
    transport, protocol = await self._create_****port(
                          ^^^^^^^^^^^^^^^^^^^^^^^^^^^^^^^^^^^^^^^^
    ...<2 lines>...
        ssl_shut****eout=ssl_shut****eout)
        ^^^^^^^^^^^^^^^^^^^^^^^^^^^^^^^^^^^^^^^^^^
  File "/home/customTest/miniconda3/lib/python3.13/asyncio/base_events.py", line 1234, in _create_****port
    await waiter
Connecti****rror: SSL handshake is taking longer than 60.0 seconds: aborting the connection

The above exception was the direct cause of the following exception:

Traceback (most recent call last):
  File "/home/customTest/individu****view/agent/runners/sse_runner.py", line 160, in apiRequestAsync
    async with session.request(**request_params) as response:
               ~~~~~~~~~~~~~~~^^^^^^^^^^^^^^^^^^
  File "/home/customTest/miniconda3/lib/python3.13/site-packages/aiohttp/client.py", line 1521, in __aenter__
    self._resp: _RetType = await self._coro
                           ^^^^^^^^^^^^^^^^
  File "/home/customTest/miniconda3/lib/python3.13/site-packages/aiohttp/client.py", line 788, in _request
    resp = await handler(req)
           ^^^^^^^^^^^^^^^^^^
  File "/home/customTest/miniconda3/lib/python3.13/site-packages/aiohttp/client.py", line 742, in _connect****uest
    conn = await self._connector.connect(
           ^^^^^^^^^^^^^^^^^^^^^^^^^^^^^^
        req, traces=traces, timeout=real_timeout
        ^^^^^^^^^^^^^^^^^^^^^^^^^^^^^^^^^^^^^^^^
    )
    ^
  File "/home/customTest/miniconda3/lib/python3.13/site-packages/aiohttp/connector.py", line 672, in connect
    proto = await self._create_connection(req, traces, timeout)
            ^^^^^^^^^^^^^^^^^^^^^^^^^^^^^^^^^^^^^^^^^^^^^^^^^^^
  File "/home/customTest/miniconda3/lib/python3.13/site-packages/aiohttp/connector.py", line 1251, in _create_connection
    _, proto = await self._create_****tion(req, traces, timeout)
               ^^^^^^^^^^^^^^^^^^^^^^^^^^^^^^^^^^^^^^^^^^^^^^^^^^^^^^^^^^
  File "/home/customTest/miniconda3/lib/python3.13/site-packages/aiohttp/connector.py", line 1623, in _create_****tion
    raise last_exc
  File "/home/customTest/miniconda3/lib/python3.13/site-packages/aiohttp/connector.py", line 1592, in _create_****tion
    transp, proto = await self._wrap_cr****tion(
                    ^^^^^^^^^^^^^^^^^^^^^^^^^^^^^^^^^^^
    ...<7 lines>...
    )
    ^
  File "/home/customTest/miniconda3/lib/python3.13/site-packages/aiohttp/connector.py", line 1333, in _wrap_cr****tion
    raise client_error(req.connection_key, exc) from exc
aiohttp.client_exceptions.ClientCo****rror: Cannot connect to host pure.warrenq.com:443 ssl:default [None]
2026-04-21 23:44:22,840 | WARNING | individu****view.agent.runners.sse_runner | 请求重试耗尽: {'method': 'POST', 'url': 'https://pure.warrenq.com/nagent/cloudtest/chat/v2/agent/outside/sse/completions', 'headers': {'AuthCode': '****'}, 'json': {'botId': '268742034725344', 'userId': '268742034726368', 'conversationId': '268742078082176', 'urlVersion': 3.0, 'messages': '请基于个股研究框架与输入图谱数据进行评测，只输出一个 JSON 对象，字段仅包含 score 和 reason。\n输入图谱数据：[{"father_chapter": "1", "id": "1.1", "abstract": "发展概况", "content": "分析公司整体经营战略方向、业务转型进展及年度经营成果。", "sample": "2025年至今，公司确立从传统商业地产运营服务商，向“稳健资产运营+高端硬科技产业投资与运营”的多元化科技型上市公司转型的总体方向...<截断 15 字符>', '...': '还有 1 个字段'}, 'timeout': 600}
2026-04-21 23:44:22,840 | WARNING | individu****view.agent.runners.sse_runner | 请求重试耗尽: {'method': None, 'url': None, 'headers': None, 'json': None, 'timeout': None}
2026-04-21 23:45:10,043 | ERROR | individu****view.agent.runners.sse_runner | SSE 传输中断/数据不完整: 
Traceback (most recent call last):
  File "/home/customTest/miniconda3/lib/python3.13/site-packages/aiohttp/streams.py", line 372, in _wait
    await waiter
asyncio.exceptions.CancelledError

The above exception was the direct cause of the following exception:

Traceback (most recent call last):
  File "/home/customTest/individu****view/agent/runners/sse_runner.py", line 73, in parse_sse_chunks
    async for chunk in chunks:
    ...<12 lines>...
                yield event
  File "/home/customTest/miniconda3/lib/python3.13/site-packages/aiohttp/streams.py", line 53, in __anext__
    rv = await self.read_func()
         ^^^^^^^^^^^^^^^^^^^^^^
  File "/home/customTest/miniconda3/lib/python3.13/site-packages/aiohttp/streams.py", line 468, in readany
    await self._wait("readany")
  File "/home/customTest/miniconda3/lib/python3.13/site-packages/aiohttp/streams.py", line 371, in _wait
    with self._timer:
         ^^^^^^^^^^^
  File "/home/customTest/miniconda3/lib/python3.13/site-packages/aiohttp/helpers.py", line 713, in __exit__
    raise asyncio.TimeoutError from exc_val
TimeoutError
2026-04-21 23:45:10,048 | ERROR | individu****view.agent.runners.sse_runner | 请求失败: {'method': 'POST', 'url': 'https://pure.warrenq.com/nagent/cloudtest/chat/v2/agent/outside/sse/completions', 'headers': {'AuthCode': '****'}, 'json': {'botId': '268742034725344', 'userId': '268742034726368', 'conversationId': '268742078082176', 'urlVersion': 3.0, 'messages': '请基于个股研究框架与输入图谱数据进行评测，只输出一个 JSON 对象，字段仅包含 score 和 reason。\n输入图谱数据：[{"father_chapter": "1", "id": "1.1", "abstract": "发展概况", "content": "分析公司主营业务、评估行业地位、梳理公司战略目标。", "sample": "公司主要从事集成电路产品的研发设计和销售，根据中国证监会《上市公司行业分类指引》（2012年修订），公司所处行业属于“软件和信息技术服...<截断 16 字符>', '...': '还有 1 个字段'}, 'timeout': None}
Traceback (most recent call last):
  File "/home/customTest/individu****view/agent/runners/sse_runner.py", line 171, in apiRequestAsync
    result = await fun(response, *args, **kwargs)
             ^^^^^^^^^^^^^^^^^^^^^^^^^^^^^^^^^^^^
  File "/home/customTest/individu****view/agent/runners/sse_runner.py", line 220, in jsonAnswerAsync
    raise RuntimeError("流式结果获取异常")
RuntimeError: 流式结果获取异常
2026-04-21 23:45:10,050 | WARNING | individu****view.agent.runners.sse_runner | 请求重试耗尽: {'method': 'POST', 'url': 'https://pure.warrenq.com/nagent/cloudtest/chat/v2/agent/outside/sse/completions', 'headers': {'AuthCode': '****'}, 'json': {'botId': '268742034725344', 'userId': '268742034726368', 'conversationId': '268742078082176', 'urlVersion': 3.0, 'messages': '请基于个股研究框架与输入图谱数据进行评测，只输出一个 JSON 对象，字段仅包含 score 和 reason。\n输入图谱数据：[{"father_chapter": "1", "id": "1.1", "abstract": "发展概况", "content": "分析公司主营业务、评估行业地位、梳理公司战略目标。", "sample": "公司主要从事集成电路产品的研发设计和销售，根据中国证监会《上市公司行业分类指引》（2012年修订），公司所处行业属于“软件和信息技术服...<截断 16 字符>', '...': '还有 1 个字段'}, 'timeout': 600}
2026-04-21 23:45:10,051 | DEBUG | individu****view.agent.gf.stockGraph | 调用 GF 智能体: {'session': {'sessionName': '新对话', 'sessionType': 'agent', 'chatType': 'agent_chat_debug', 'agentId': '268742034726368', 'agentBatchId': '268742034725344'}, 'agent': {'botId': '268742034725344', 'userId': '268742034726368', 'conversationId': '268742078082176', 'urlVersion': 3.0, 'messages': '请基于个股研究框架与输入图谱数据进行评测，只输出一个 JSON 对象，字段仅包含 score 和 reason。\n输入图谱数据：[{"father_chapter": "1", "id": "1.1", "abstract": "发展概况", "content": "分析公司主营业务、评估行业地位、梳理公司战略目标。", "sample": "公司主要从事集成电路产品的研发设计和销售，根据中国证监会《上市公司行业分类指引》（2012年修订），公司所处行业属于“软件和信息技术服...<截断 16 字符>', '...': '还有 1 个字段'}}
2026-04-21 23:45:10,051 | DEBUG | individu****view.agent.runners.sse_runner | 发起请求: {'method': 'POST', 'url': 'https://pure.warrenq.com/nagent/cloudtest/chat/v2/agent/outside/sse/completions', 'headers': {'AuthCode': '****'}, 'json': {'botId': '268742034725344', 'userId': '268742034726368', 'conversationId': '268742078082176', 'urlVersion': 3.0, 'messages': '请基于个股研究框架与输入图谱数据进行评测，只输出一个 JSON 对象，字段仅包含 score 和 reason。\n输入图谱数据：[{"father_chapter": "1", "id": "1.1", "abstract": "发展概况", "content": "分析公司主营业务、评估行业地位、梳理公司战略目标。", "sample": "公司主要从事集成电路产品的研发设计和销售，根据中国证监会《上市公司行业分类指引》（2012年修订），公司所处行业属于“软件和信息技术服...<截断 16 字符>', '...': '还有 1 个字段'}, 'timeout': 600}
2026-04-21 23:45:10,568 | DEBUG | individu****view.agent.runners.sse_runner | HTTP POST https://pure.warrenq.com/nagent/cloudtest/chat/v2/agent/outside/sse/completions -> 200 (0.52s)
2026-04-21 23:52:52,120 | ERROR | individu****view.agent.runners.sse_runner | SSE 传输中断/数据不完整: 
Traceback (most recent call last):
  File "/home/customTest/miniconda3/lib/python3.13/site-packages/aiohttp/streams.py", line 372, in _wait
    await waiter
asyncio.exceptions.CancelledError

The above exception was the direct cause of the following exception:

Traceback (most recent call last):
  File "/home/customTest/individu****view/agent/runners/sse_runner.py", line 73, in parse_sse_chunks
    async for chunk in chunks:
    ...<12 lines>...
                yield event
  File "/home/customTest/miniconda3/lib/python3.13/site-packages/aiohttp/streams.py", line 53, in __anext__
    rv = await self.read_func()
         ^^^^^^^^^^^^^^^^^^^^^^
  File "/home/customTest/miniconda3/lib/python3.13/site-packages/aiohttp/streams.py", line 468, in readany
    await self._wait("readany")
  File "/home/customTest/miniconda3/lib/python3.13/site-packages/aiohttp/streams.py", line 371, in _wait
    with self._timer:
         ^^^^^^^^^^^
  File "/home/customTest/miniconda3/lib/python3.13/site-packages/aiohttp/helpers.py", line 713, in __exit__
    raise asyncio.TimeoutError from exc_val
TimeoutError
2026-04-21 23:52:52,122 | ERROR | individu****view.agent.runners.sse_runner | 请求失败: {'method': 'POST', 'url': 'https://pure.warrenq.com/nagent/cloudtest/chat/v2/agent/outside/sse/completions', 'headers': {'AuthCode': '****'}, 'json': {'botId': '268742034725344', 'userId': '268742034726368', 'conversationId': '268742078082176', 'urlVersion': 3.0, 'messages': '请基于个股研究框架与输入图谱数据进行评测，只输出一个 JSON 对象，字段仅包含 score 和 reason。\n输入图谱数据：[{"father_chapter": "1", "id": "1.1", "abstract": "发展概况", "content": "分析公司主营业务、行业地位、企业使命及核心能力。", "sample": "公司是国内领先的智联网硬件产品及解决方案提供商，国家高新技术企业，国家“专精特新”小巨人企业。公司构建了基于多场景的产品定义、多形态的产...<截断 15 字符>', '...': '还有 1 个字段'}, 'timeout': None}
Traceback (most recent call last):
  File "/home/customTest/individu****view/agent/runners/sse_runner.py", line 171, in apiRequestAsync
    result = await fun(response, *args, **kwargs)
             ^^^^^^^^^^^^^^^^^^^^^^^^^^^^^^^^^^^^
  File "/home/customTest/individu****view/agent/runners/sse_runner.py", line 220, in jsonAnswerAsync
    raise RuntimeError("流式结果获取异常")
RuntimeError: 流式结果获取异常
2026-04-21 23:52:52,124 | WARNING | individu****view.agent.runners.sse_runner | 请求重试耗尽: {'method': 'POST', 'url': 'https://pure.warrenq.com/nagent/cloudtest/chat/v2/agent/outside/sse/completions', 'headers': {'AuthCode': '****'}, 'json': {'botId': '268742034725344', 'userId': '268742034726368', 'conversationId': '268742078082176', 'urlVersion': 3.0, 'messages': '请基于个股研究框架与输入图谱数据进行评测，只输出一个 JSON 对象，字段仅包含 score 和 reason。\n输入图谱数据：[{"father_chapter": "1", "id": "1.1", "abstract": "发展概况", "content": "分析公司主营业务、行业地位、企业使命及核心能力。", "sample": "公司是国内领先的智联网硬件产品及解决方案提供商，国家高新技术企业，国家“专精特新”小巨人企业。公司构建了基于多场景的产品定义、多形态的产...<截断 15 字符>', '...': '还有 1 个字段'}, 'timeout': 600}
2026-04-21 23:52:52,124 | DEBUG | individu****view.agent.gf.stockGraph | 调用 GF 智能体: {'session': {'sessionName': '新对话', 'sessionType': 'agent', 'chatType': 'agent_chat_debug', 'agentId': '268742034726368', 'agentBatchId': '268742034725344'}, 'agent': {'botId': '268742034725344', 'userId': '268742034726368', 'conversationId': '268742078082176', 'urlVersion': 3.0, 'messages': '请基于个股研究框架与输入图谱数据进行评测，只输出一个 JSON 对象，字段仅包含 score 和 reason。\n输入图谱数据：[{"father_chapter": "1", "id": "1.1", "abstract": "发展概况", "content": "分析公司主营业务、行业地位、企业使命及核心能力。", "sample": "公司是国内领先的智联网硬件产品及解决方案提供商，国家高新技术企业，国家“专精特新”小巨人企业。公司构建了基于多场景的产品定义、多形态的产...<截断 15 字符>', '...': '还有 1 个字段'}}
2026-04-21 23:52:52,125 | DEBUG | individu****view.agent.runners.sse_runner | 发起请求: {'method': 'POST', 'url': 'https://pure.warrenq.com/nagent/cloudtest/chat/v2/agent/outside/sse/completions', 'headers': {'AuthCode': '****'}, 'json': {'botId': '268742034725344', 'userId': '268742034726368', 'conversationId': '268742078082176', 'urlVersion': 3.0, 'messages': '请基于个股研究框架与输入图谱数据进行评测，只输出一个 JSON 对象，字段仅包含 score 和 reason。\n输入图谱数据：[{"father_chapter": "1", "id": "1.1", "abstract": "发展概况", "content": "分析公司主营业务、行业地位、企业使命及核心能力。", "sample": "公司是国内领先的智联网硬件产品及解决方案提供商，国家高新技术企业，国家“专精特新”小巨人企业。公司构建了基于多场景的产品定义、多形态的产...<截断 15 字符>', '...': '还有 1 个字段'}, 'timeout': 600}
2026-04-21 23:52:52,590 | DEBUG | individu****view.agent.runners.sse_runner | HTTP POST https://pure.warrenq.com/nagent/cloudtest/chat/v2/agent/outside/sse/completions -> 200 (0.47s)
2026-04-21 23:55:11,129 | ERROR | individu****view.agent.runners.sse_runner | SSE 传输中断/数据不完整: 
Traceback (most recent call last):
  File "/home/customTest/miniconda3/lib/python3.13/site-packages/aiohttp/streams.py", line 372, in _wait
    await waiter
asyncio.exceptions.CancelledError

The above exception was the direct cause of the following exception:

Traceback (most recent call last):
  File "/home/customTest/individu****view/agent/runners/sse_runner.py", line 73, in parse_sse_chunks
    async for chunk in chunks:
    ...<12 lines>...
                yield event
  File "/home/customTest/miniconda3/lib/python3.13/site-packages/aiohttp/streams.py", line 53, in __anext__
    rv = await self.read_func()
         ^^^^^^^^^^^^^^^^^^^^^^
  File "/home/customTest/miniconda3/lib/python3.13/site-packages/aiohttp/streams.py", line 468, in readany
    await self._wait("readany")
  File "/home/customTest/miniconda3/lib/python3.13/site-packages/aiohttp/streams.py", line 371, in _wait
    with self._timer:
         ^^^^^^^^^^^
  File "/home/customTest/miniconda3/lib/python3.13/site-packages/aiohttp/helpers.py", line 713, in __exit__
    raise asyncio.TimeoutError from exc_val
TimeoutError
2026-04-21 23:55:11,132 | ERROR | individu****view.agent.runners.sse_runner | 请求失败: {'method': 'POST', 'url': 'https://pure.warrenq.com/nagent/cloudtest/chat/v2/agent/outside/sse/completions', 'headers': {'AuthCode': '****'}, 'json': {'botId': '268742034725344', 'userId': '268742034726368', 'conversationId': '268742078082176', 'urlVersion': 3.0, 'messages': '请基于个股研究框架与输入图谱数据进行评测，只输出一个 JSON 对象，字段仅包含 score 和 reason。\n输入图谱数据：[{"father_chapter": "1", "id": "1.1", "abstract": "发展概况", "content": "分析公司主营业务、评估行业地位、梳理公司战略目标。", "sample": "公司主要从事集成电路产品的研发设计和销售，根据中国证监会《上市公司行业分类指引》（2012年修订），公司所处行业属于“软件和信息技术服...<截断 16 字符>', '...': '还有 1 个字段'}, 'timeout': None}
Traceback (most recent call last):
  File "/home/customTest/individu****view/agent/runners/sse_runner.py", line 171, in apiRequestAsync
    result = await fun(response, *args, **kwargs)
             ^^^^^^^^^^^^^^^^^^^^^^^^^^^^^^^^^^^^
  File "/home/customTest/individu****view/agent/runners/sse_runner.py", line 220, in jsonAnswerAsync
    raise RuntimeError("流式结果获取异常")
RuntimeError: 流式结果获取异常
2026-04-21 23:55:11,134 | WARNING | individu****view.agent.runners.sse_runner | 请求重试耗尽: {'method': 'POST', 'url': 'https://pure.warrenq.com/nagent/cloudtest/chat/v2/agent/outside/sse/completions', 'headers': {'AuthCode': '****'}, 'json': {'botId': '268742034725344', 'userId': '268742034726368', 'conversationId': '268742078082176', 'urlVersion': 3.0, 'messages': '请基于个股研究框架与输入图谱数据进行评测，只输出一个 JSON 对象，字段仅包含 score 和 reason。\n输入图谱数据：[{"father_chapter": "1", "id": "1.1", "abstract": "发展概况", "content": "分析公司主营业务、评估行业地位、梳理公司战略目标。", "sample": "公司主要从事集成电路产品的研发设计和销售，根据中国证监会《上市公司行业分类指引》（2012年修订），公司所处行业属于“软件和信息技术服...<截断 16 字符>', '...': '还有 1 个字段'}, 'timeout': 600}
2026-04-21 23:55:11,134 | DEBUG | individu****view.agent.gf.stockGraph | 调用 GF 智能体: {'session': {'sessionName': '新对话', 'sessionType': 'agent', 'chatType': 'agent_chat_debug', 'agentId': '268742034726368', 'agentBatchId': '268742034725344'}, 'agent': {'botId': '268742034725344', 'userId': '268742034726368', 'conversationId': '268742078082176', 'urlVersion': 3.0, 'messages': '请基于个股研究框架与输入图谱数据进行评测，只输出一个 JSON 对象，字段仅包含 score 和 reason。\n输入图谱数据：[{"father_chapter": "1", "id": "1.1", "abstract": "发展概况", "content": "分析公司主营业务、评估行业地位、梳理公司战略目标。", "sample": "公司主要从事集成电路产品的研发设计和销售，根据中国证监会《上市公司行业分类指引》（2012年修订），公司所处行业属于“软件和信息技术服...<截断 16 字符>', '...': '还有 1 个字段'}}
2026-04-21 23:55:11,135 | DEBUG | individu****view.agent.runners.sse_runner | 发起请求: {'method': 'POST', 'url': 'https://pure.warrenq.com/nagent/cloudtest/chat/v2/agent/outside/sse/completions', 'headers': {'AuthCode': '****'}, 'json': {'botId': '268742034725344', 'userId': '268742034726368', 'conversationId': '268742078082176', 'urlVersion': 3.0, 'messages': '请基于个股研究框架与输入图谱数据进行评测，只输出一个 JSON 对象，字段仅包含 score 和 reason。\n输入图谱数据：[{"father_chapter": "1", "id": "1.1", "abstract": "发展概况", "content": "分析公司主营业务、评估行业地位、梳理公司战略目标。", "sample": "公司主要从事集成电路产品的研发设计和销售，根据中国证监会《上市公司行业分类指引》（2012年修订），公司所处行业属于“软件和信息技术服...<截断 16 字符>', '...': '还有 1 个字段'}, 'timeout': 600}
2026-04-21 23:55:11,677 | DEBUG | individu****view.agent.runners.sse_runner | HTTP POST https://pure.warrenq.com/nagent/cloudtest/chat/v2/agent/outside/sse/completions -> 200 (0.54s)
2026-04-21 23:58:32,187 | WARNING | individu****view.agent.runners.sse_runner | 请求重试耗尽: {'method': None, 'url': None, 'headers': None, 'json': None, 'timeout': None}
2026-04-21 23:58:32,342 | INFO | individu****view.pipelines.stock_graph_eval | stockGraph 评测完成，结果条数=26
2026-04-22 00:05:28,205 | DEBUG | individu****view.agent.providers.gf_platform | 构建 GF 智能体: agent_key=stockGraph session_key=gfGetSession
2026-04-22 00:05:28,231 | WARNING | individu****view.agent.runners.sse_runner | 请求重试耗尽: {'method': None, 'url': None, 'headers': None, 'json': None, 'timeout': None}
2026-04-22 00:05:28,241 | WARNING | individu****view.agent.runners.sse_runner | 请求重试耗尽: {'method': None, 'url': None, 'headers': None, 'json': None, 'timeout': None}
2026-04-22 00:05:28,380 | INFO | individu****view.pipelines.stock_graph_eval | stockGraph 评测完成，结果条数=26
2026-04-22 00:06:08,008 | DEBUG | individu****view.agent.providers.gf_platform | 构建 GF 智能体: agent_key=stockGraph session_key=gfGetSession
2026-04-22 00:06:08,030 | DEBUG | individu****view.agent.gf.stockGraph | 调用 GF 智能体: {'session': {'sessionName': '新对话', 'sessionType': 'agent', 'chatType': 'agent_chat_debug', 'agentId': '268742034726368', 'agentBatchId': '268742034725344'}, 'agent': {'botId': '268742034725344', 'userId': '268742034726368', 'conversationId': '268742078082176', 'urlVersion': 3.0, 'messages': '请基于个股研究框架与输入图谱数据进行评测，只输出一个 JSON 对象，字段仅包含 score 和 reason。\n输入图谱数据：[{"father_chapter": "1", "id": "1.1", "abstract": "发展概况", "content": "分析公司主营业务、评估行业地位、梳理公司战略目标。", "sample": "公司主要从事集成电路产品的研发设计和销售，根据中国证监会《上市公司行业分类指引》（2012年修订），公司所处行业属于“软件和信息技术服...<截断 16 字符>', '...': '还有 1 个字段'}}
2026-04-22 00:06:08,031 | DEBUG | individu****view.agent.runners.sse_runner | 发起请求: {'method': 'POST', 'url': 'https://pure.warrenq.com/nagent/cloudtest/chat/v2/agent/outside/sse/completions', 'headers': {'AuthCode': '****'}, 'json': {'botId': '268742034725344', 'userId': '268742034726368', 'conversationId': '268742078082176', 'urlVersion': 3.0, 'messages': '请基于个股研究框架与输入图谱数据进行评测，只输出一个 JSON 对象，字段仅包含 score 和 reason。\n输入图谱数据：[{"father_chapter": "1", "id": "1.1", "abstract": "发展概况", "content": "分析公司主营业务、评估行业地位、梳理公司战略目标。", "sample": "公司主要从事集成电路产品的研发设计和销售，根据中国证监会《上市公司行业分类指引》（2012年修订），公司所处行业属于“软件和信息技术服...<截断 16 字符>', '...': '还有 1 个字段'}, 'timeout': 600}
2026-04-22 00:06:08,867 | DEBUG | individu****view.agent.runners.sse_runner | HTTP POST https://pure.warrenq.com/nagent/cloudtest/chat/v2/agent/outside/sse/completions -> 200 (0.84s)
2026-04-22 00:06:11,034 | DEBUG | individu****view.agent.gf.stockGraph | 调用 GF 智能体: {'session': {'sessionName': '新对话', 'sessionType': 'agent', 'chatType': 'agent_chat_debug', 'agentId': '268742034726368', 'agentBatchId': '268742034725344'}, 'agent': {'botId': '268742034725344', 'userId': '268742034726368', 'conversationId': '268742078082176', 'urlVersion': 3.0, 'messages': '请基于个股研究框架与输入图谱数据进行评测，只输出一个 JSON 对象，字段仅包含 score 和 reason。\n输入图谱数据：[{"father_chapter": "1", "id": "1.1", "abstract": "发展概况", "content": "分析公司整体经营战略方向、业务转型进展及年度经营成果。", "sample": "2025年至今，公司确立从传统商业地产运营服务商，向“稳健资产运营+高端硬科技产业投资与运营”的多元化科技型上市公司转型的总体方向...<截断 15 字符>', '...': '还有 1 个字段'}}
2026-04-22 00:06:11,035 | DEBUG | individu****view.agent.runners.sse_runner | 发起请求: {'method': 'POST', 'url': 'https://pure.warrenq.com/nagent/cloudtest/chat/v2/agent/outside/sse/completions', 'headers': {'AuthCode': '****'}, 'json': {'botId': '268742034725344', 'userId': '268742034726368', 'conversationId': '268742078082176', 'urlVersion': 3.0, 'messages': '请基于个股研究框架与输入图谱数据进行评测，只输出一个 JSON 对象，字段仅包含 score 和 reason。\n输入图谱数据：[{"father_chapter": "1", "id": "1.1", "abstract": "发展概况", "content": "分析公司整体经营战略方向、业务转型进展及年度经营成果。", "sample": "2025年至今，公司确立从传统商业地产运营服务商，向“稳健资产运营+高端硬科技产业投资与运营”的多元化科技型上市公司转型的总体方向...<截断 15 字符>', '...': '还有 1 个字段'}, 'timeout': 600}
2026-04-22 00:06:11,547 | DEBUG | individu****view.agent.runners.sse_runner | HTTP POST https://pure.warrenq.com/nagent/cloudtest/chat/v2/agent/outside/sse/completions -> 200 (0.51s)
2026-04-22 00:07:18,074 | INFO | individu****view.pipelines.stock_graph_eval | stockGraph 评测完成，结果条数=26
2026-04-22 15:32:45,093 | DEBUG | individu****view.agent.providers.gf_platform | 构建 GF 智能体: agent_key=stockGraph session_key=gfGetSession
2026-04-22 15:32:45,119 | DEBUG | individu****view.agent.gf.stockGraph | 调用 GF 智能体: {'session': {'sessionName': '新对话', 'sessionType': 'agent', 'chatType': 'agent_chat_debug', 'agentId': '268719326186656', 'agentBatchId': '268719326182560'}, 'agent': {'botId': '268719326182560', 'userId': '268719326186656', 'conversationId': '268803868152256', 'urlVersion': 3.0, 'messages': '请基于个股研究框架与输入图谱数据进行评测，只输出一个 JSON 对象，字段仅包含 score 和 reason。\n输入图谱数据：[{"father_chapter":"1","id":"1.1","abstract":"发展概况","content":"描述公司主营业务定位、主要服务领域及行业布局。","sample":"{{sample}}","source":"毅昌科技：2024年半年度报告","status":"生效","importance":"不重要","updat...<截断 15 字符>', '...': '还有 1 个字段'}}
2026-04-22 15:32:45,119 | DEBUG | individu****view.agent.runners.sse_runner | 发起请求: {'method': 'POST', 'url': 'https://irmp-cot-uat.gf.com.cn/cloudapi/chat/v2/agent/outside/sse/completions', 'headers': {'AuthCode': '****'}, 'json': {'botId': '268719326182560', 'userId': '268719326186656', 'conversationId': '268803868152256', 'urlVersion': 3.0, 'messages': '请基于个股研究框架与输入图谱数据进行评测，只输出一个 JSON 对象，字段仅包含 score 和 reason。\n输入图谱数据：[{"father_chapter":"1","id":"1.1","abstract":"发展概况","content":"描述公司主营业务定位、主要服务领域及行业布局。","sample":"{{sample}}","source":"毅昌科技：2024年半年度报告","status":"生效","importance":"不重要","updat...<截断 15 字符>', '...': '还有 1 个字段'}, 'timeout': 600}
2026-04-22 15:32:45,227 | ERROR | individu****view.agent.runners.sse_runner | 请求失败: {'method': 'POST', 'url': 'https://irmp-cot-uat.gf.com.cn/cloudapi/chat/v2/agent/outside/sse/completions', 'headers': {'AuthCode': '****'}, 'json': {'botId': '268719326182560', 'userId': '268719326186656', 'conversationId': '268803868152256', 'urlVersion': 3.0, 'messages': '请基于个股研究框架与输入图谱数据进行评测，只输出一个 JSON 对象，字段仅包含 score 和 reason。\n输入图谱数据：[{"father_chapter":"1","id":"1.1","abstract":"发展概况","content":"描述公司主营业务定位、主要服务领域及行业布局。","sample":"{{sample}}","source":"毅昌科技：2024年半年度报告","status":"生效","importance":"不重要","updat...<截断 15 字符>', '...': '还有 1 个字段'}, 'timeout': None}
Traceback (most recent call last):
  File "/home/customTest/miniconda3/lib/python3.13/site-packages/aiohttp/connector.py", line 1574, in _create_****tion
    hosts = await self._resolve_host(host, port, traces=traces)
            ^^^^^^^^^^^^^^^^^^^^^^^^^^^^^^^^^^^^^^^^^^^^^^^^^^^
  File "/home/customTest/miniconda3/lib/python3.13/site-packages/aiohttp/connector.py", line 1190, in _resolve_host
    return await asyncio.shield(resolved_host_task)
           ^^^^^^^^^^^^^^^^^^^^^^^^^^^^^^^^^^^^^^^^
  File "/home/customTest/miniconda3/lib/python3.13/site-packages/aiohttp/connector.py", line 1221, in _resolve****ttle
    addrs = await self._resolver.resolve(host, port, family=self._family)
            ^^^^^^^^^^^^^^^^^^^^^^^^^^^^^^^^^^^^^^^^^^^^^^^^^^^^^^^^^^^^^
  File "/home/customTest/miniconda3/lib/python3.13/site-packages/aiohttp/resolver.py", line 40, in resolve
    infos = await self._loop.getaddrinfo(
            ^^^^^^^^^^^^^^^^^^^^^^^^^^^^^
    ...<5 lines>...
    )
    ^
  File "/home/customTest/miniconda3/lib/python3.13/asyncio/base_events.py", line 939, in getaddrinfo
    return await self.run_in_executor(
           ^^^^^^^^^^^^^^^^^^^^^^^^^^^
        None, getaddr_func, host, port, family, type, proto, flags)
        ^^^^^^^^^^^^^^^^^^^^^^^^^^^^^^^^^^^^^^^^^^^^^^^^^^^^^^^^^^^
  File "/home/customTest/miniconda3/lib/python3.13/concurrent/futures/thread.py", line 59, in run
    result = self.fn(*self.args, **self.kwargs)
  File "/home/customTest/miniconda3/lib/python3.13/socket.py", line 977, in getaddrinfo
    for res in _socket.getaddrinfo(host, port, family, type, proto, flags):
               ~~~~~~~~~~~~~~~~~~~^^^^^^^^^^^^^^^^^^^^^^^^^^^^^^^^^^^^^^^^
socket.gaierror: [Errno -2] Name or service not known

The above exception was the direct cause of the following exception:

Traceback (most recent call last):
  File "/home/customTest/individu****view/agent/runners/sse_runner.py", line 160, in apiRequestAsync
    async with session.request(**request_params) as response:
               ~~~~~~~~~~~~~~~^^^^^^^^^^^^^^^^^^
  File "/home/customTest/miniconda3/lib/python3.13/site-packages/aiohttp/client.py", line 1521, in __aenter__
    self._resp: _RetType = await self._coro
                           ^^^^^^^^^^^^^^^^
  File "/home/customTest/miniconda3/lib/python3.13/site-packages/aiohttp/client.py", line 788, in _request
    resp = await handler(req)
           ^^^^^^^^^^^^^^^^^^
  File "/home/customTest/miniconda3/lib/python3.13/site-packages/aiohttp/client.py", line 742, in _connect****uest
    conn = await self._connector.connect(
           ^^^^^^^^^^^^^^^^^^^^^^^^^^^^^^
        req, traces=traces, timeout=real_timeout
        ^^^^^^^^^^^^^^^^^^^^^^^^^^^^^^^^^^^^^^^^
    )
    ^
  File "/home/customTest/miniconda3/lib/python3.13/site-packages/aiohttp/connector.py", line 672, in connect
    proto = await self._create_connection(req, traces, timeout)
            ^^^^^^^^^^^^^^^^^^^^^^^^^^^^^^^^^^^^^^^^^^^^^^^^^^^
  File "/home/customTest/miniconda3/lib/python3.13/site-packages/aiohttp/connector.py", line 1251, in _create_connection
    _, proto = await self._create_****tion(req, traces, timeout)
               ^^^^^^^^^^^^^^^^^^^^^^^^^^^^^^^^^^^^^^^^^^^^^^^^^^^^^^^^^^
  File "/home/customTest/miniconda3/lib/python3.13/site-packages/aiohttp/connector.py", line 1580, in _create_****tion
    raise ClientCo****rror(req.connection_key, exc) from exc
aiohttp.client_exceptions.ClientCo****rror: Cannot connect to host irmp-cot-uat.gf.com.cn:443 ssl:default [Name or service not known]
2026-04-22 15:32:45,232 | WARNING | individu****view.agent.runners.sse_runner | 请求重试耗尽: {'method': 'POST', 'url': 'https://irmp-cot-uat.gf.com.cn/cloudapi/chat/v2/agent/outside/sse/completions', 'headers': {'AuthCode': '****'}, 'json': {'botId': '268719326182560', 'userId': '268719326186656', 'conversationId': '268803868152256', 'urlVersion': 3.0, 'messages': '请基于个股研究框架与输入图谱数据进行评测，只输出一个 JSON 对象，字段仅包含 score 和 reason。\n输入图谱数据：[{"father_chapter":"1","id":"1.1","abstract":"发展概况","content":"描述公司主营业务定位、主要服务领域及行业布局。","sample":"{{sample}}","source":"毅昌科技：2024年半年度报告","status":"生效","importance":"不重要","updat...<截断 15 字符>', '...': '还有 1 个字段'}, 'timeout': 600}
2026-04-22 15:32:48,122 | DEBUG | individu****view.agent.gf.stockGraph | 调用 GF 智能体: {'session': {'sessionName': '新对话', 'sessionType': 'agent', 'chatType': 'agent_chat_debug', 'agentId': '268719326186656', 'agentBatchId': '268719326182560'}, 'agent': {'botId': '268719326182560', 'userId': '268719326186656', 'conversationId': '268803868152256', 'urlVersion': 3.0, 'messages': '请基于个股研究框架与输入图谱数据进行评测，只输出一个 JSON 对象，字段仅包含 score 和 reason。\n输入图谱数据：[{"father_chapter":"1","id":"1.1","abstract":"发展概况","content":"说明公司的成立背景、行业地位及主要经营领域。","sample":"{{sample}}","source":"中芯国际：中芯国际2025年第三季度报告","status":"生效","importance":"不重要","u...<截断 15 字符>', '...': '还有 1 个字段'}}
2026-04-22 15:32:48,123 | DEBUG | individu****view.agent.runners.sse_runner | 发起请求: {'method': 'POST', 'url': 'https://irmp-cot-uat.gf.com.cn/cloudapi/chat/v2/agent/outside/sse/completions', 'headers': {'AuthCode': '****'}, 'json': {'botId': '268719326182560', 'userId': '268719326186656', 'conversationId': '268803868152256', 'urlVersion': 3.0, 'messages': '请基于个股研究框架与输入图谱数据进行评测，只输出一个 JSON 对象，字段仅包含 score 和 reason。\n输入图谱数据：[{"father_chapter":"1","id":"1.1","abstract":"发展概况","content":"说明公司的成立背景、行业地位及主要经营领域。","sample":"{{sample}}","source":"中芯国际：中芯国际2025年第三季度报告","status":"生效","importance":"不重要","u...<截断 15 字符>', '...': '还有 1 个字段'}, 'timeout': 600}
2026-04-22 15:32:48,165 | ERROR | individu****view.agent.runners.sse_runner | 请求失败: {'method': 'POST', 'url': 'https://irmp-cot-uat.gf.com.cn/cloudapi/chat/v2/agent/outside/sse/completions', 'headers': {'AuthCode': '****'}, 'json': {'botId': '268719326182560', 'userId': '268719326186656', 'conversationId': '268803868152256', 'urlVersion': 3.0, 'messages': '请基于个股研究框架与输入图谱数据进行评测，只输出一个 JSON 对象，字段仅包含 score 和 reason。\n输入图谱数据：[{"father_chapter":"1","id":"1.1","abstract":"发展概况","content":"说明公司的成立背景、行业地位及主要经营领域。","sample":"{{sample}}","source":"中芯国际：中芯国际2025年第三季度报告","status":"生效","importance":"不重要","u...<截断 15 字符>', '...': '还有 1 个字段'}, 'timeout': None}
Traceback (most recent call last):
  File "/home/customTest/miniconda3/lib/python3.13/site-packages/aiohttp/connector.py", line 1574, in _create_****tion
    hosts = await self._resolve_host(host, port, traces=traces)
            ^^^^^^^^^^^^^^^^^^^^^^^^^^^^^^^^^^^^^^^^^^^^^^^^^^^
  File "/home/customTest/miniconda3/lib/python3.13/site-packages/aiohttp/connector.py", line 1190, in _resolve_host
    return await asyncio.shield(resolved_host_task)
           ^^^^^^^^^^^^^^^^^^^^^^^^^^^^^^^^^^^^^^^^
  File "/home/customTest/miniconda3/lib/python3.13/site-packages/aiohttp/connector.py", line 1221, in _resolve****ttle
    addrs = await self._resolver.resolve(host, port, family=self._family)
            ^^^^^^^^^^^^^^^^^^^^^^^^^^^^^^^^^^^^^^^^^^^^^^^^^^^^^^^^^^^^^
  File "/home/customTest/miniconda3/lib/python3.13/site-packages/aiohttp/resolver.py", line 40, in resolve
    infos = await self._loop.getaddrinfo(
            ^^^^^^^^^^^^^^^^^^^^^^^^^^^^^
    ...<5 lines>...
    )
    ^
  File "/home/customTest/miniconda3/lib/python3.13/asyncio/base_events.py", line 939, in getaddrinfo
    return await self.run_in_executor(
           ^^^^^^^^^^^^^^^^^^^^^^^^^^^
        None, getaddr_func, host, port, family, type, proto, flags)
        ^^^^^^^^^^^^^^^^^^^^^^^^^^^^^^^^^^^^^^^^^^^^^^^^^^^^^^^^^^^
  File "/home/customTest/miniconda3/lib/python3.13/concurrent/futures/thread.py", line 59, in run
    result = self.fn(*self.args, **self.kwargs)
  File "/home/customTest/miniconda3/lib/python3.13/socket.py", line 977, in getaddrinfo
    for res in _socket.getaddrinfo(host, port, family, type, proto, flags):
               ~~~~~~~~~~~~~~~~~~~^^^^^^^^^^^^^^^^^^^^^^^^^^^^^^^^^^^^^^^^
socket.gaierror: [Errno -2] Name or service not known

The above exception was the direct cause of the following exception:

Traceback (most recent call last):
  File "/home/customTest/individu****view/agent/runners/sse_runner.py", line 160, in apiRequestAsync
    async with session.request(**request_params) as response:
               ~~~~~~~~~~~~~~~^^^^^^^^^^^^^^^^^^
  File "/home/customTest/miniconda3/lib/python3.13/site-packages/aiohttp/client.py", line 1521, in __aenter__
    self._resp: _RetType = await self._coro
                           ^^^^^^^^^^^^^^^^
  File "/home/customTest/miniconda3/lib/python3.13/site-packages/aiohttp/client.py", line 788, in _request
    resp = await handler(req)
           ^^^^^^^^^^^^^^^^^^
  File "/home/customTest/miniconda3/lib/python3.13/site-packages/aiohttp/client.py", line 742, in _connect****uest
    conn = await self._connector.connect(
           ^^^^^^^^^^^^^^^^^^^^^^^^^^^^^^
        req, traces=traces, timeout=real_timeout
        ^^^^^^^^^^^^^^^^^^^^^^^^^^^^^^^^^^^^^^^^
    )
    ^
  File "/home/customTest/miniconda3/lib/python3.13/site-packages/aiohttp/connector.py", line 672, in connect
    proto = await self._create_connection(req, traces, timeout)
            ^^^^^^^^^^^^^^^^^^^^^^^^^^^^^^^^^^^^^^^^^^^^^^^^^^^
  File "/home/customTest/miniconda3/lib/python3.13/site-packages/aiohttp/connector.py", line 1251, in _create_connection
    _, proto = await self._create_****tion(req, traces, timeout)
               ^^^^^^^^^^^^^^^^^^^^^^^^^^^^^^^^^^^^^^^^^^^^^^^^^^^^^^^^^^
  File "/home/customTest/miniconda3/lib/python3.13/site-packages/aiohttp/connector.py", line 1580, in _create_****tion
    raise ClientCo****rror(req.connection_key, exc) from exc
aiohttp.client_exceptions.ClientCo****rror: Cannot connect to host irmp-cot-uat.gf.com.cn:443 ssl:default [Name or service not known]
2026-04-22 15:32:48,169 | WARNING | individu****view.agent.runners.sse_runner | 请求重试耗尽: {'method': 'POST', 'url': 'https://irmp-cot-uat.gf.com.cn/cloudapi/chat/v2/agent/outside/sse/completions', 'headers': {'AuthCode': '****'}, 'json': {'botId': '268719326182560', 'userId': '268719326186656', 'conversationId': '268803868152256', 'urlVersion': 3.0, 'messages': '请基于个股研究框架与输入图谱数据进行评测，只输出一个 JSON 对象，字段仅包含 score 和 reason。\n输入图谱数据：[{"father_chapter":"1","id":"1.1","abstract":"发展概况","content":"说明公司的成立背景、行业地位及主要经营领域。","sample":"{{sample}}","source":"中芯国际：中芯国际2025年第三季度报告","status":"生效","importance":"不重要","u...<截断 15 字符>', '...': '还有 1 个字段'}, 'timeout': 600}
2026-04-22 15:32:51,125 | DEBUG | individu****view.agent.gf.stockGraph | 调用 GF 智能体: {'session': {'sessionName': '新对话', 'sessionType': 'agent', 'chatType': 'agent_chat_debug', 'agentId': '268719326186656', 'agentBatchId': '268719326182560'}, 'agent': {'botId': '268719326182560', 'userId': '268719326186656', 'conversationId': '268803868152256', 'urlVersion': 3.0, 'messages': '请基于个股研究框架与输入图谱数据进行评测，只输出一个 JSON 对象，字段仅包含 score 和 reason。\n输入图谱数据：[{"father_chapter":"1","id":"1.1","abstract":"发展概况","content":"描述公司主营业务定位、主要服务领域及行业布局。","sample":"{{sample}}","source":"毅昌科技：2024年半年度报告","status":"生效","importance":"不重要","updat...<截断 15 字符>', '...': '还有 1 个字段'}}
2026-04-22 15:32:51,126 | DEBUG | individu****view.agent.runners.sse_runner | 发起请求: {'method': 'POST', 'url': 'https://irmp-cot-uat.gf.com.cn/cloudapi/chat/v2/agent/outside/sse/completions', 'headers': {'AuthCode': '****'}, 'json': {'botId': '268719326182560', 'userId': '268719326186656', 'conversationId': '268803868152256', 'urlVersion': 3.0, 'messages': '请基于个股研究框架与输入图谱数据进行评测，只输出一个 JSON 对象，字段仅包含 score 和 reason。\n输入图谱数据：[{"father_chapter":"1","id":"1.1","abstract":"发展概况","content":"描述公司主营业务定位、主要服务领域及行业布局。","sample":"{{sample}}","source":"毅昌科技：2024年半年度报告","status":"生效","importance":"不重要","updat...<截断 15 字符>', '...': '还有 1 个字段'}, 'timeout': 600}
2026-04-22 15:32:51,167 | ERROR | individu****view.agent.runners.sse_runner | 请求失败: {'method': 'POST', 'url': 'https://irmp-cot-uat.gf.com.cn/cloudapi/chat/v2/agent/outside/sse/completions', 'headers': {'AuthCode': '****'}, 'json': {'botId': '268719326182560', 'userId': '268719326186656', 'conversationId': '268803868152256', 'urlVersion': 3.0, 'messages': '请基于个股研究框架与输入图谱数据进行评测，只输出一个 JSON 对象，字段仅包含 score 和 reason。\n输入图谱数据：[{"father_chapter":"1","id":"1.1","abstract":"发展概况","content":"描述公司主营业务定位、主要服务领域及行业布局。","sample":"{{sample}}","source":"毅昌科技：2024年半年度报告","status":"生效","importance":"不重要","updat...<截断 15 字符>', '...': '还有 1 个字段'}, 'timeout': None}
Traceback (most recent call last):
  File "/home/customTest/miniconda3/lib/python3.13/site-packages/aiohttp/connector.py", line 1574, in _create_****tion
    hosts = await self._resolve_host(host, port, traces=traces)
            ^^^^^^^^^^^^^^^^^^^^^^^^^^^^^^^^^^^^^^^^^^^^^^^^^^^
  File "/home/customTest/miniconda3/lib/python3.13/site-packages/aiohttp/connector.py", line 1190, in _resolve_host
    return await asyncio.shield(resolved_host_task)
           ^^^^^^^^^^^^^^^^^^^^^^^^^^^^^^^^^^^^^^^^
  File "/home/customTest/miniconda3/lib/python3.13/site-packages/aiohttp/connector.py", line 1221, in _resolve****ttle
    addrs = await self._resolver.resolve(host, port, family=self._family)
            ^^^^^^^^^^^^^^^^^^^^^^^^^^^^^^^^^^^^^^^^^^^^^^^^^^^^^^^^^^^^^
  File "/home/customTest/miniconda3/lib/python3.13/site-packages/aiohttp/resolver.py", line 40, in resolve
    infos = await self._loop.getaddrinfo(
            ^^^^^^^^^^^^^^^^^^^^^^^^^^^^^
    ...<5 lines>...
    )
    ^
  File "/home/customTest/miniconda3/lib/python3.13/asyncio/base_events.py", line 939, in getaddrinfo
    return await self.run_in_executor(
           ^^^^^^^^^^^^^^^^^^^^^^^^^^^
        None, getaddr_func, host, port, family, type, proto, flags)
        ^^^^^^^^^^^^^^^^^^^^^^^^^^^^^^^^^^^^^^^^^^^^^^^^^^^^^^^^^^^
  File "/home/customTest/miniconda3/lib/python3.13/concurrent/futures/thread.py", line 59, in run
    result = self.fn(*self.args, **self.kwargs)
  File "/home/customTest/miniconda3/lib/python3.13/socket.py", line 977, in getaddrinfo
    for res in _socket.getaddrinfo(host, port, family, type, proto, flags):
               ~~~~~~~~~~~~~~~~~~~^^^^^^^^^^^^^^^^^^^^^^^^^^^^^^^^^^^^^^^^
socket.gaierror: [Errno -2] Name or service not known

The above exception was the direct cause of the following exception:

Traceback (most recent call last):
  File "/home/customTest/individu****view/agent/runners/sse_runner.py", line 160, in apiRequestAsync
    async with session.request(**request_params) as response:
               ~~~~~~~~~~~~~~~^^^^^^^^^^^^^^^^^^
  File "/home/customTest/miniconda3/lib/python3.13/site-packages/aiohttp/client.py", line 1521, in __aenter__
    self._resp: _RetType = await self._coro
                           ^^^^^^^^^^^^^^^^
  File "/home/customTest/miniconda3/lib/python3.13/site-packages/aiohttp/client.py", line 788, in _request
    resp = await handler(req)
           ^^^^^^^^^^^^^^^^^^
  File "/home/customTest/miniconda3/lib/python3.13/site-packages/aiohttp/client.py", line 742, in _connect****uest
    conn = await self._connector.connect(
           ^^^^^^^^^^^^^^^^^^^^^^^^^^^^^^
        req, traces=traces, timeout=real_timeout
        ^^^^^^^^^^^^^^^^^^^^^^^^^^^^^^^^^^^^^^^^
    )
    ^
  File "/home/customTest/miniconda3/lib/python3.13/site-packages/aiohttp/connector.py", line 672, in connect
    proto = await self._create_connection(req, traces, timeout)
            ^^^^^^^^^^^^^^^^^^^^^^^^^^^^^^^^^^^^^^^^^^^^^^^^^^^
  File "/home/customTest/miniconda3/lib/python3.13/site-packages/aiohttp/connector.py", line 1251, in _create_connection
    _, proto = await self._create_****tion(req, traces, timeout)
               ^^^^^^^^^^^^^^^^^^^^^^^^^^^^^^^^^^^^^^^^^^^^^^^^^^^^^^^^^^
  File "/home/customTest/miniconda3/lib/python3.13/site-packages/aiohttp/connector.py", line 1580, in _create_****tion
    raise ClientCo****rror(req.connection_key, exc) from exc
aiohttp.client_exceptions.ClientCo****rror: Cannot connect to host irmp-cot-uat.gf.com.cn:443 ssl:default [Name or service not known]
2026-04-22 15:32:51,171 | WARNING | individu****view.agent.runners.sse_runner | 请求重试耗尽: {'method': 'POST', 'url': 'https://irmp-cot-uat.gf.com.cn/cloudapi/chat/v2/agent/outside/sse/completions', 'headers': {'AuthCode': '****'}, 'json': {'botId': '268719326182560', 'userId': '268719326186656', 'conversationId': '268803868152256', 'urlVersion': 3.0, 'messages': '请基于个股研究框架与输入图谱数据进行评测，只输出一个 JSON 对象，字段仅包含 score 和 reason。\n输入图谱数据：[{"father_chapter":"1","id":"1.1","abstract":"发展概况","content":"描述公司主营业务定位、主要服务领域及行业布局。","sample":"{{sample}}","source":"毅昌科技：2024年半年度报告","status":"生效","importance":"不重要","updat...<截断 15 字符>', '...': '还有 1 个字段'}, 'timeout': 600}
2026-04-22 15:32:54,129 | DEBUG | individu****view.agent.gf.stockGraph | 调用 GF 智能体: {'session': {'sessionName': '新对话', 'sessionType': 'agent', 'chatType': 'agent_chat_debug', 'agentId': '268719326186656', 'agentBatchId': '268719326182560'}, 'agent': {'botId': '268719326182560', 'userId': '268719326186656', 'conversationId': '268803868152256', 'urlVersion': 3.0, 'messages': '请基于个股研究框架与输入图谱数据进行评测，只输出一个 JSON 对象，字段仅包含 score 和 reason。\n输入图谱数据：[{"father_chapter":"1","id":"1.1","abstract":"发展概况","content":"说明公司的成立背景、行业地位及主要经营领域。","sample":"{{sample}}","source":"中芯国际：中芯国际2025年第三季度报告","status":"生效","importance":"不重要","u...<截断 15 字符>', '...': '还有 1 个字段'}}
2026-04-22 15:32:54,129 | DEBUG | individu****view.agent.runners.sse_runner | 发起请求: {'method': 'POST', 'url': 'https://irmp-cot-uat.gf.com.cn/cloudapi/chat/v2/agent/outside/sse/completions', 'headers': {'AuthCode': '****'}, 'json': {'botId': '268719326182560', 'userId': '268719326186656', 'conversationId': '268803868152256', 'urlVersion': 3.0, 'messages': '请基于个股研究框架与输入图谱数据进行评测，只输出一个 JSON 对象，字段仅包含 score 和 reason。\n输入图谱数据：[{"father_chapter":"1","id":"1.1","abstract":"发展概况","content":"说明公司的成立背景、行业地位及主要经营领域。","sample":"{{sample}}","source":"中芯国际：中芯国际2025年第三季度报告","status":"生效","importance":"不重要","u...<截断 15 字符>', '...': '还有 1 个字段'}, 'timeout': 600}
2026-04-22 15:32:54,152 | ERROR | individu****view.agent.runners.sse_runner | 请求失败: {'method': 'POST', 'url': 'https://irmp-cot-uat.gf.com.cn/cloudapi/chat/v2/agent/outside/sse/completions', 'headers': {'AuthCode': '****'}, 'json': {'botId': '268719326182560', 'userId': '268719326186656', 'conversationId': '268803868152256', 'urlVersion': 3.0, 'messages': '请基于个股研究框架与输入图谱数据进行评测，只输出一个 JSON 对象，字段仅包含 score 和 reason。\n输入图谱数据：[{"father_chapter":"1","id":"1.1","abstract":"发展概况","content":"说明公司的成立背景、行业地位及主要经营领域。","sample":"{{sample}}","source":"中芯国际：中芯国际2025年第三季度报告","status":"生效","importance":"不重要","u...<截断 15 字符>', '...': '还有 1 个字段'}, 'timeout': None}
Traceback (most recent call last):
  File "/home/customTest/miniconda3/lib/python3.13/site-packages/aiohttp/connector.py", line 1574, in _create_****tion
    hosts = await self._resolve_host(host, port, traces=traces)
            ^^^^^^^^^^^^^^^^^^^^^^^^^^^^^^^^^^^^^^^^^^^^^^^^^^^
  File "/home/customTest/miniconda3/lib/python3.13/site-packages/aiohttp/connector.py", line 1190, in _resolve_host
    return await asyncio.shield(resolved_host_task)
           ^^^^^^^^^^^^^^^^^^^^^^^^^^^^^^^^^^^^^^^^
  File "/home/customTest/miniconda3/lib/python3.13/site-packages/aiohttp/connector.py", line 1221, in _resolve****ttle
    addrs = await self._resolver.resolve(host, port, family=self._family)
            ^^^^^^^^^^^^^^^^^^^^^^^^^^^^^^^^^^^^^^^^^^^^^^^^^^^^^^^^^^^^^
  File "/home/customTest/miniconda3/lib/python3.13/site-packages/aiohttp/resolver.py", line 40, in resolve
    infos = await self._loop.getaddrinfo(
            ^^^^^^^^^^^^^^^^^^^^^^^^^^^^^
    ...<5 lines>...
    )
    ^
  File "/home/customTest/miniconda3/lib/python3.13/asyncio/base_events.py", line 939, in getaddrinfo
    return await self.run_in_executor(
           ^^^^^^^^^^^^^^^^^^^^^^^^^^^
        None, getaddr_func, host, port, family, type, proto, flags)
        ^^^^^^^^^^^^^^^^^^^^^^^^^^^^^^^^^^^^^^^^^^^^^^^^^^^^^^^^^^^
  File "/home/customTest/miniconda3/lib/python3.13/concurrent/futures/thread.py", line 59, in run
    result = self.fn(*self.args, **self.kwargs)
  File "/home/customTest/miniconda3/lib/python3.13/socket.py", line 977, in getaddrinfo
    for res in _socket.getaddrinfo(host, port, family, type, proto, flags):
               ~~~~~~~~~~~~~~~~~~~^^^^^^^^^^^^^^^^^^^^^^^^^^^^^^^^^^^^^^^^
socket.gaierror: [Errno -2] Name or service not known

The above exception was the direct cause of the following exception:

Traceback (most recent call last):
  File "/home/customTest/individu****view/agent/runners/sse_runner.py", line 160, in apiRequestAsync
    async with session.request(**request_params) as response:
               ~~~~~~~~~~~~~~~^^^^^^^^^^^^^^^^^^
  File "/home/customTest/miniconda3/lib/python3.13/site-packages/aiohttp/client.py", line 1521, in __aenter__
    self._resp: _RetType = await self._coro
                           ^^^^^^^^^^^^^^^^
  File "/home/customTest/miniconda3/lib/python3.13/site-packages/aiohttp/client.py", line 788, in _request
    resp = await handler(req)
           ^^^^^^^^^^^^^^^^^^
  File "/home/customTest/miniconda3/lib/python3.13/site-packages/aiohttp/client.py", line 742, in _connect****uest
    conn = await self._connector.connect(
           ^^^^^^^^^^^^^^^^^^^^^^^^^^^^^^
        req, traces=traces, timeout=real_timeout
        ^^^^^^^^^^^^^^^^^^^^^^^^^^^^^^^^^^^^^^^^
    )
    ^
  File "/home/customTest/miniconda3/lib/python3.13/site-packages/aiohttp/connector.py", line 672, in connect
    proto = await self._create_connection(req, traces, timeout)
            ^^^^^^^^^^^^^^^^^^^^^^^^^^^^^^^^^^^^^^^^^^^^^^^^^^^
  File "/home/customTest/miniconda3/lib/python3.13/site-packages/aiohttp/connector.py", line 1251, in _create_connection
    _, proto = await self._create_****tion(req, traces, timeout)
               ^^^^^^^^^^^^^^^^^^^^^^^^^^^^^^^^^^^^^^^^^^^^^^^^^^^^^^^^^^
  File "/home/customTest/miniconda3/lib/python3.13/site-packages/aiohttp/connector.py", line 1580, in _create_****tion
    raise ClientCo****rror(req.connection_key, exc) from exc
aiohttp.client_exceptions.ClientCo****rror: Cannot connect to host irmp-cot-uat.gf.com.cn:443 ssl:default [Name or service not known]
2026-04-22 15:32:54,155 | WARNING | individu****view.agent.runners.sse_runner | 请求重试耗尽: {'method': 'POST', 'url': 'https://irmp-cot-uat.gf.com.cn/cloudapi/chat/v2/agent/outside/sse/completions', 'headers': {'AuthCode': '****'}, 'json': {'botId': '268719326182560', 'userId': '268719326186656', 'conversationId': '268803868152256', 'urlVersion': 3.0, 'messages': '请基于个股研究框架与输入图谱数据进行评测，只输出一个 JSON 对象，字段仅包含 score 和 reason。\n输入图谱数据：[{"father_chapter":"1","id":"1.1","abstract":"发展概况","content":"说明公司的成立背景、行业地位及主要经营领域。","sample":"{{sample}}","source":"中芯国际：中芯国际2025年第三季度报告","status":"生效","importance":"不重要","u...<截断 15 字符>', '...': '还有 1 个字段'}, 'timeout': 600}
2026-04-22 15:32:57,129 | DEBUG | individu****view.agent.gf.stockGraph | 调用 GF 智能体: {'session': {'sessionName': '新对话', 'sessionType': 'agent', 'chatType': 'agent_chat_debug', 'agentId': '268719326186656', 'agentBatchId': '268719326182560'}, 'agent': {'botId': '268719326182560', 'userId': '268719326186656', 'conversationId': '268803868152256', 'urlVersion': 3.0, 'messages': '请基于个股研究框架与输入图谱数据进行评测，只输出一个 JSON 对象，字段仅包含 score 和 reason。\n输入图谱数据：[{"father_chapter":"1","id":"1.1","abstract":"发展概况","content":"描述公司主营业务定位、主要服务领域及行业布局。","sample":"{{sample}}","source":"毅昌科技：2024年半年度报告","status":"生效","importance":"不重要","updat...<截断 15 字符>', '...': '还有 1 个字段'}}
2026-04-22 15:32:57,130 | DEBUG | individu****view.agent.runners.sse_runner | 发起请求: {'method': 'POST', 'url': 'https://irmp-cot-uat.gf.com.cn/cloudapi/chat/v2/agent/outside/sse/completions', 'headers': {'AuthCode': '****'}, 'json': {'botId': '268719326182560', 'userId': '268719326186656', 'conversationId': '268803868152256', 'urlVersion': 3.0, 'messages': '请基于个股研究框架与输入图谱数据进行评测，只输出一个 JSON 对象，字段仅包含 score 和 reason。\n输入图谱数据：[{"father_chapter":"1","id":"1.1","abstract":"发展概况","content":"描述公司主营业务定位、主要服务领域及行业布局。","sample":"{{sample}}","source":"毅昌科技：2024年半年度报告","status":"生效","importance":"不重要","updat...<截断 15 字符>', '...': '还有 1 个字段'}, 'timeout': 600}
2026-04-22 15:32:57,153 | ERROR | individu****view.agent.runners.sse_runner | 请求失败: {'method': 'POST', 'url': 'https://irmp-cot-uat.gf.com.cn/cloudapi/chat/v2/agent/outside/sse/completions', 'headers': {'AuthCode': '****'}, 'json': {'botId': '268719326182560', 'userId': '268719326186656', 'conversationId': '268803868152256', 'urlVersion': 3.0, 'messages': '请基于个股研究框架与输入图谱数据进行评测，只输出一个 JSON 对象，字段仅包含 score 和 reason。\n输入图谱数据：[{"father_chapter":"1","id":"1.1","abstract":"发展概况","content":"描述公司主营业务定位、主要服务领域及行业布局。","sample":"{{sample}}","source":"毅昌科技：2024年半年度报告","status":"生效","importance":"不重要","updat...<截断 15 字符>', '...': '还有 1 个字段'}, 'timeout': None}
Traceback (most recent call last):
  File "/home/customTest/miniconda3/lib/python3.13/site-packages/aiohttp/connector.py", line 1574, in _create_****tion
    hosts = await self._resolve_host(host, port, traces=traces)
            ^^^^^^^^^^^^^^^^^^^^^^^^^^^^^^^^^^^^^^^^^^^^^^^^^^^
  File "/home/customTest/miniconda3/lib/python3.13/site-packages/aiohttp/connector.py", line 1190, in _resolve_host
    return await asyncio.shield(resolved_host_task)
           ^^^^^^^^^^^^^^^^^^^^^^^^^^^^^^^^^^^^^^^^
  File "/home/customTest/miniconda3/lib/python3.13/site-packages/aiohttp/connector.py", line 1221, in _resolve****ttle
    addrs = await self._resolver.resolve(host, port, family=self._family)
            ^^^^^^^^^^^^^^^^^^^^^^^^^^^^^^^^^^^^^^^^^^^^^^^^^^^^^^^^^^^^^
  File "/home/customTest/miniconda3/lib/python3.13/site-packages/aiohttp/resolver.py", line 40, in resolve
    infos = await self._loop.getaddrinfo(
            ^^^^^^^^^^^^^^^^^^^^^^^^^^^^^
    ...<5 lines>...
    )
    ^
  File "/home/customTest/miniconda3/lib/python3.13/asyncio/base_events.py", line 939, in getaddrinfo
    return await self.run_in_executor(
           ^^^^^^^^^^^^^^^^^^^^^^^^^^^
        None, getaddr_func, host, port, family, type, proto, flags)
        ^^^^^^^^^^^^^^^^^^^^^^^^^^^^^^^^^^^^^^^^^^^^^^^^^^^^^^^^^^^
  File "/home/customTest/miniconda3/lib/python3.13/concurrent/futures/thread.py", line 59, in run
    result = self.fn(*self.args, **self.kwargs)
  File "/home/customTest/miniconda3/lib/python3.13/socket.py", line 977, in getaddrinfo
    for res in _socket.getaddrinfo(host, port, family, type, proto, flags):
               ~~~~~~~~~~~~~~~~~~~^^^^^^^^^^^^^^^^^^^^^^^^^^^^^^^^^^^^^^^^
socket.gaierror: [Errno -2] Name or service not known

The above exception was the direct cause of the following exception:

Traceback (most recent call last):
  File "/home/customTest/individu****view/agent/runners/sse_runner.py", line 160, in apiRequestAsync
    async with session.request(**request_params) as response:
               ~~~~~~~~~~~~~~~^^^^^^^^^^^^^^^^^^
  File "/home/customTest/miniconda3/lib/python3.13/site-packages/aiohttp/client.py", line 1521, in __aenter__
    self._resp: _RetType = await self._coro
                           ^^^^^^^^^^^^^^^^
  File "/home/customTest/miniconda3/lib/python3.13/site-packages/aiohttp/client.py", line 788, in _request
    resp = await handler(req)
           ^^^^^^^^^^^^^^^^^^
  File "/home/customTest/miniconda3/lib/python3.13/site-packages/aiohttp/client.py", line 742, in _connect****uest
    conn = await self._connector.connect(
           ^^^^^^^^^^^^^^^^^^^^^^^^^^^^^^
        req, traces=traces, timeout=real_timeout
        ^^^^^^^^^^^^^^^^^^^^^^^^^^^^^^^^^^^^^^^^
    )
    ^
  File "/home/customTest/miniconda3/lib/python3.13/site-packages/aiohttp/connector.py", line 672, in connect
    proto = await self._create_connection(req, traces, timeout)
            ^^^^^^^^^^^^^^^^^^^^^^^^^^^^^^^^^^^^^^^^^^^^^^^^^^^
  File "/home/customTest/miniconda3/lib/python3.13/site-packages/aiohttp/connector.py", line 1251, in _create_connection
    _, proto = await self._create_****tion(req, traces, timeout)
               ^^^^^^^^^^^^^^^^^^^^^^^^^^^^^^^^^^^^^^^^^^^^^^^^^^^^^^^^^^
  File "/home/customTest/miniconda3/lib/python3.13/site-packages/aiohttp/connector.py", line 1580, in _create_****tion
    raise ClientCo****rror(req.connection_key, exc) from exc
aiohttp.client_exceptions.ClientCo****rror: Cannot connect to host irmp-cot-uat.gf.com.cn:443 ssl:default [Name or service not known]
2026-04-22 15:32:57,157 | WARNING | individu****view.agent.runners.sse_runner | 请求重试耗尽: {'method': 'POST', 'url': 'https://irmp-cot-uat.gf.com.cn/cloudapi/chat/v2/agent/outside/sse/completions', 'headers': {'AuthCode': '****'}, 'json': {'botId': '268719326182560', 'userId': '268719326186656', 'conversationId': '268803868152256', 'urlVersion': 3.0, 'messages': '请基于个股研究框架与输入图谱数据进行评测，只输出一个 JSON 对象，字段仅包含 score 和 reason。\n输入图谱数据：[{"father_chapter":"1","id":"1.1","abstract":"发展概况","content":"描述公司主营业务定位、主要服务领域及行业布局。","sample":"{{sample}}","source":"毅昌科技：2024年半年度报告","status":"生效","importance":"不重要","updat...<截断 15 字符>', '...': '还有 1 个字段'}, 'timeout': 600}
2026-04-22 15:32:57,157 | WARNING | individu****view.agent.runners.sse_runner | 请求重试耗尽: {'method': None, 'url': None, 'headers': None, 'json': None, 'timeout': None}
2026-04-22 15:33:00,133 | DEBUG | individu****view.agent.gf.stockGraph | 调用 GF 智能体: {'session': {'sessionName': '新对话', 'sessionType': 'agent', 'chatType': 'agent_chat_debug', 'agentId': '268719326186656', 'agentBatchId': '268719326182560'}, 'agent': {'botId': '268719326182560', 'userId': '268719326186656', 'conversationId': '268803868152256', 'urlVersion': 3.0, 'messages': '请基于个股研究框架与输入图谱数据进行评测，只输出一个 JSON 对象，字段仅包含 score 和 reason。\n输入图谱数据：[{"father_chapter":"1","id":"1.1","abstract":"发展概况","content":"说明公司的成立背景、行业地位及主要经营领域。","sample":"{{sample}}","source":"中芯国际：中芯国际2025年第三季度报告","status":"生效","importance":"不重要","u...<截断 15 字符>', '...': '还有 1 个字段'}}
2026-04-22 15:33:00,133 | DEBUG | individu****view.agent.runners.sse_runner | 发起请求: {'method': 'POST', 'url': 'https://irmp-cot-uat.gf.com.cn/cloudapi/chat/v2/agent/outside/sse/completions', 'headers': {'AuthCode': '****'}, 'json': {'botId': '268719326182560', 'userId': '268719326186656', 'conversationId': '268803868152256', 'urlVersion': 3.0, 'messages': '请基于个股研究框架与输入图谱数据进行评测，只输出一个 JSON 对象，字段仅包含 score 和 reason。\n输入图谱数据：[{"father_chapter":"1","id":"1.1","abstract":"发展概况","content":"说明公司的成立背景、行业地位及主要经营领域。","sample":"{{sample}}","source":"中芯国际：中芯国际2025年第三季度报告","status":"生效","importance":"不重要","u...<截断 15 字符>', '...': '还有 1 个字段'}, 'timeout': 600}
2026-04-22 15:33:00,155 | ERROR | individu****view.agent.runners.sse_runner | 请求失败: {'method': 'POST', 'url': 'https://irmp-cot-uat.gf.com.cn/cloudapi/chat/v2/agent/outside/sse/completions', 'headers': {'AuthCode': '****'}, 'json': {'botId': '268719326182560', 'userId': '268719326186656', 'conversationId': '268803868152256', 'urlVersion': 3.0, 'messages': '请基于个股研究框架与输入图谱数据进行评测，只输出一个 JSON 对象，字段仅包含 score 和 reason。\n输入图谱数据：[{"father_chapter":"1","id":"1.1","abstract":"发展概况","content":"说明公司的成立背景、行业地位及主要经营领域。","sample":"{{sample}}","source":"中芯国际：中芯国际2025年第三季度报告","status":"生效","importance":"不重要","u...<截断 15 字符>', '...': '还有 1 个字段'}, 'timeout': None}
Traceback (most recent call last):
  File "/home/customTest/miniconda3/lib/python3.13/site-packages/aiohttp/connector.py", line 1574, in _create_****tion
    hosts = await self._resolve_host(host, port, traces=traces)
            ^^^^^^^^^^^^^^^^^^^^^^^^^^^^^^^^^^^^^^^^^^^^^^^^^^^
  File "/home/customTest/miniconda3/lib/python3.13/site-packages/aiohttp/connector.py", line 1190, in _resolve_host
    return await asyncio.shield(resolved_host_task)
           ^^^^^^^^^^^^^^^^^^^^^^^^^^^^^^^^^^^^^^^^
  File "/home/customTest/miniconda3/lib/python3.13/site-packages/aiohttp/connector.py", line 1221, in _resolve****ttle
    addrs = await self._resolver.resolve(host, port, family=self._family)
            ^^^^^^^^^^^^^^^^^^^^^^^^^^^^^^^^^^^^^^^^^^^^^^^^^^^^^^^^^^^^^
  File "/home/customTest/miniconda3/lib/python3.13/site-packages/aiohttp/resolver.py", line 40, in resolve
    infos = await self._loop.getaddrinfo(
            ^^^^^^^^^^^^^^^^^^^^^^^^^^^^^
    ...<5 lines>...
    )
    ^
  File "/home/customTest/miniconda3/lib/python3.13/asyncio/base_events.py", line 939, in getaddrinfo
    return await self.run_in_executor(
           ^^^^^^^^^^^^^^^^^^^^^^^^^^^
        None, getaddr_func, host, port, family, type, proto, flags)
        ^^^^^^^^^^^^^^^^^^^^^^^^^^^^^^^^^^^^^^^^^^^^^^^^^^^^^^^^^^^
  File "/home/customTest/miniconda3/lib/python3.13/concurrent/futures/thread.py", line 59, in run
    result = self.fn(*self.args, **self.kwargs)
  File "/home/customTest/miniconda3/lib/python3.13/socket.py", line 977, in getaddrinfo
    for res in _socket.getaddrinfo(host, port, family, type, proto, flags):
               ~~~~~~~~~~~~~~~~~~~^^^^^^^^^^^^^^^^^^^^^^^^^^^^^^^^^^^^^^^^
socket.gaierror: [Errno -2] Name or service not known

The above exception was the direct cause of the following exception:

Traceback (most recent call last):
  File "/home/customTest/individu****view/agent/runners/sse_runner.py", line 160, in apiRequestAsync
    async with session.request(**request_params) as response:
               ~~~~~~~~~~~~~~~^^^^^^^^^^^^^^^^^^
  File "/home/customTest/miniconda3/lib/python3.13/site-packages/aiohttp/client.py", line 1521, in __aenter__
    self._resp: _RetType = await self._coro
                           ^^^^^^^^^^^^^^^^
  File "/home/customTest/miniconda3/lib/python3.13/site-packages/aiohttp/client.py", line 788, in _request
    resp = await handler(req)
           ^^^^^^^^^^^^^^^^^^
  File "/home/customTest/miniconda3/lib/python3.13/site-packages/aiohttp/client.py", line 742, in _connect****uest
    conn = await self._connector.connect(
           ^^^^^^^^^^^^^^^^^^^^^^^^^^^^^^
        req, traces=traces, timeout=real_timeout
        ^^^^^^^^^^^^^^^^^^^^^^^^^^^^^^^^^^^^^^^^
    )
    ^
  File "/home/customTest/miniconda3/lib/python3.13/site-packages/aiohttp/connector.py", line 672, in connect
    proto = await self._create_connection(req, traces, timeout)
            ^^^^^^^^^^^^^^^^^^^^^^^^^^^^^^^^^^^^^^^^^^^^^^^^^^^
  File "/home/customTest/miniconda3/lib/python3.13/site-packages/aiohttp/connector.py", line 1251, in _create_connection
    _, proto = await self._create_****tion(req, traces, timeout)
               ^^^^^^^^^^^^^^^^^^^^^^^^^^^^^^^^^^^^^^^^^^^^^^^^^^^^^^^^^^
  File "/home/customTest/miniconda3/lib/python3.13/site-packages/aiohttp/connector.py", line 1580, in _create_****tion
    raise ClientCo****rror(req.connection_key, exc) from exc
aiohttp.client_exceptions.ClientCo****rror: Cannot connect to host irmp-cot-uat.gf.com.cn:443 ssl:default [Name or service not known]
2026-04-22 15:33:00,159 | WARNING | individu****view.agent.runners.sse_runner | 请求重试耗尽: {'method': 'POST', 'url': 'https://irmp-cot-uat.gf.com.cn/cloudapi/chat/v2/agent/outside/sse/completions', 'headers': {'AuthCode': '****'}, 'json': {'botId': '268719326182560', 'userId': '268719326186656', 'conversationId': '268803868152256', 'urlVersion': 3.0, 'messages': '请基于个股研究框架与输入图谱数据进行评测，只输出一个 JSON 对象，字段仅包含 score 和 reason。\n输入图谱数据：[{"father_chapter":"1","id":"1.1","abstract":"发展概况","content":"说明公司的成立背景、行业地位及主要经营领域。","sample":"{{sample}}","source":"中芯国际：中芯国际2025年第三季度报告","status":"生效","importance":"不重要","u...<截断 15 字符>', '...': '还有 1 个字段'}, 'timeout': 600}
2026-04-22 15:33:00,159 | WARNING | individu****view.agent.runners.sse_runner | 请求重试耗尽: {'method': None, 'url': None, 'headers': None, 'json': None, 'timeout': None}
2026-04-22 15:33:00,257 | INFO | individu****view.pipelines.stock_graph_eval | stockGraph 评测完成，结果条数=2
2026-04-22 15:39:40,863 | DEBUG | individu****view.agent.providers.gf_platform | 构建 GF 智能体: agent_key=stockGraph session_key=gfGetSession
2026-04-22 15:39:40,891 | DEBUG | individu****view.agent.gf.stockGraph | 调用 GF 智能体: {'session': {'sessionName': '新对话', 'sessionType': 'agent', 'chatType': 'agent_chat_debug', 'agentId': '268719326186656', 'agentBatchId': '268719326182560'}, 'agent': {'botId': '268719326182560', 'userId': '268719326186656', 'conversationId': '268803868152256', 'urlVersion': 3.0, 'messages': '请基于个股研究框架与输入图谱数据进行评测，只输出一个 JSON 对象，字段仅包含 score 和 reason。\n输入图谱数据：[{"father_chapter":"1","id":"1.1","abstract":"发展概况","content":"描述公司主营业务定位、主要服务领域及行业布局。","sample":"{{sample}}","source":"毅昌科技：2024年半年度报告","status":"生效","importance":"不重要","updat...<截断 15 字符>', '...': '还有 1 个字段'}}
2026-04-22 15:39:40,892 | DEBUG | individu****view.agent.runners.sse_runner | 发起请求: {'method': 'POST', 'url': 'https://irmp-cot-uat.gf.com.cn/cloudapi/chat/v2/agent/outside/sse/completions', 'headers': {'AuthCode': '****'}, 'json': {'botId': '268719326182560', 'userId': '268719326186656', 'conversationId': '268803868152256', 'urlVersion': 3.0, 'messages': '请基于个股研究框架与输入图谱数据进行评测，只输出一个 JSON 对象，字段仅包含 score 和 reason。\n输入图谱数据：[{"father_chapter":"1","id":"1.1","abstract":"发展概况","content":"描述公司主营业务定位、主要服务领域及行业布局。","sample":"{{sample}}","source":"毅昌科技：2024年半年度报告","status":"生效","importance":"不重要","updat...<截断 15 字符>', '...': '还有 1 个字段'}, 'timeout': 600}
2026-04-22 15:39:40,931 | ERROR | individu****view.agent.runners.sse_runner | 请求失败: {'method': 'POST', 'url': 'https://irmp-cot-uat.gf.com.cn/cloudapi/chat/v2/agent/outside/sse/completions', 'headers': {'AuthCode': '****'}, 'json': {'botId': '268719326182560', 'userId': '268719326186656', 'conversationId': '268803868152256', 'urlVersion': 3.0, 'messages': '请基于个股研究框架与输入图谱数据进行评测，只输出一个 JSON 对象，字段仅包含 score 和 reason。\n输入图谱数据：[{"father_chapter":"1","id":"1.1","abstract":"发展概况","content":"描述公司主营业务定位、主要服务领域及行业布局。","sample":"{{sample}}","source":"毅昌科技：2024年半年度报告","status":"生效","importance":"不重要","updat...<截断 15 字符>', '...': '还有 1 个字段'}, 'timeout': None}
Traceback (most recent call last):
  File "/home/customTest/miniconda3/lib/python3.13/site-packages/aiohttp/connector.py", line 1574, in _create_****tion
    hosts = await self._resolve_host(host, port, traces=traces)
            ^^^^^^^^^^^^^^^^^^^^^^^^^^^^^^^^^^^^^^^^^^^^^^^^^^^
  File "/home/customTest/miniconda3/lib/python3.13/site-packages/aiohttp/connector.py", line 1190, in _resolve_host
    return await asyncio.shield(resolved_host_task)
           ^^^^^^^^^^^^^^^^^^^^^^^^^^^^^^^^^^^^^^^^
  File "/home/customTest/miniconda3/lib/python3.13/site-packages/aiohttp/connector.py", line 1221, in _resolve****ttle
    addrs = await self._resolver.resolve(host, port, family=self._family)
            ^^^^^^^^^^^^^^^^^^^^^^^^^^^^^^^^^^^^^^^^^^^^^^^^^^^^^^^^^^^^^
  File "/home/customTest/miniconda3/lib/python3.13/site-packages/aiohttp/resolver.py", line 40, in resolve
    infos = await self._loop.getaddrinfo(
            ^^^^^^^^^^^^^^^^^^^^^^^^^^^^^
    ...<5 lines>...
    )
    ^
  File "/home/customTest/miniconda3/lib/python3.13/asyncio/base_events.py", line 939, in getaddrinfo
    return await self.run_in_executor(
           ^^^^^^^^^^^^^^^^^^^^^^^^^^^
        None, getaddr_func, host, port, family, type, proto, flags)
        ^^^^^^^^^^^^^^^^^^^^^^^^^^^^^^^^^^^^^^^^^^^^^^^^^^^^^^^^^^^
  File "/home/customTest/miniconda3/lib/python3.13/concurrent/futures/thread.py", line 59, in run
    result = self.fn(*self.args, **self.kwargs)
  File "/home/customTest/miniconda3/lib/python3.13/socket.py", line 977, in getaddrinfo
    for res in _socket.getaddrinfo(host, port, family, type, proto, flags):
               ~~~~~~~~~~~~~~~~~~~^^^^^^^^^^^^^^^^^^^^^^^^^^^^^^^^^^^^^^^^
socket.gaierror: [Errno -2] Name or service not known

The above exception was the direct cause of the following exception:

Traceback (most recent call last):
  File "/home/customTest/individu****view/agent/runners/sse_runner.py", line 160, in apiRequestAsync
    async with session.request(**request_params) as response:
               ~~~~~~~~~~~~~~~^^^^^^^^^^^^^^^^^^
  File "/home/customTest/miniconda3/lib/python3.13/site-packages/aiohttp/client.py", line 1521, in __aenter__
    self._resp: _RetType = await self._coro
                           ^^^^^^^^^^^^^^^^
  File "/home/customTest/miniconda3/lib/python3.13/site-packages/aiohttp/client.py", line 788, in _request
    resp = await handler(req)
           ^^^^^^^^^^^^^^^^^^
  File "/home/customTest/miniconda3/lib/python3.13/site-packages/aiohttp/client.py", line 742, in _connect****uest
    conn = await self._connector.connect(
           ^^^^^^^^^^^^^^^^^^^^^^^^^^^^^^
        req, traces=traces, timeout=real_timeout
        ^^^^^^^^^^^^^^^^^^^^^^^^^^^^^^^^^^^^^^^^
    )
    ^
  File "/home/customTest/miniconda3/lib/python3.13/site-packages/aiohttp/connector.py", line 672, in connect
    proto = await self._create_connection(req, traces, timeout)
            ^^^^^^^^^^^^^^^^^^^^^^^^^^^^^^^^^^^^^^^^^^^^^^^^^^^
  File "/home/customTest/miniconda3/lib/python3.13/site-packages/aiohttp/connector.py", line 1251, in _create_connection
    _, proto = await self._create_****tion(req, traces, timeout)
               ^^^^^^^^^^^^^^^^^^^^^^^^^^^^^^^^^^^^^^^^^^^^^^^^^^^^^^^^^^
  File "/home/customTest/miniconda3/lib/python3.13/site-packages/aiohttp/connector.py", line 1580, in _create_****tion
    raise ClientCo****rror(req.connection_key, exc) from exc
aiohttp.client_exceptions.ClientCo****rror: Cannot connect to host irmp-cot-uat.gf.com.cn:443 ssl:default [Name or service not known]
2026-04-22 15:39:40,937 | WARNING | individu****view.agent.runners.sse_runner | 请求重试耗尽: {'method': 'POST', 'url': 'https://irmp-cot-uat.gf.com.cn/cloudapi/chat/v2/agent/outside/sse/completions', 'headers': {'AuthCode': '****'}, 'json': {'botId': '268719326182560', 'userId': '268719326186656', 'conversationId': '268803868152256', 'urlVersion': 3.0, 'messages': '请基于个股研究框架与输入图谱数据进行评测，只输出一个 JSON 对象，字段仅包含 score 和 reason。\n输入图谱数据：[{"father_chapter":"1","id":"1.1","abstract":"发展概况","content":"描述公司主营业务定位、主要服务领域及行业布局。","sample":"{{sample}}","source":"毅昌科技：2024年半年度报告","status":"生效","importance":"不重要","updat...<截断 15 字符>', '...': '还有 1 个字段'}, 'timeout': 600}
2026-04-22 15:39:43,895 | DEBUG | individu****view.agent.gf.stockGraph | 调用 GF 智能体: {'session': {'sessionName': '新对话', 'sessionType': 'agent', 'chatType': 'agent_chat_debug', 'agentId': '268719326186656', 'agentBatchId': '268719326182560'}, 'agent': {'botId': '268719326182560', 'userId': '268719326186656', 'conversationId': '268803868152256', 'urlVersion': 3.0, 'messages': '请基于个股研究框架与输入图谱数据进行评测，只输出一个 JSON 对象，字段仅包含 score 和 reason。\n输入图谱数据：[{"father_chapter":"1","id":"1.1","abstract":"发展概况","content":"说明公司的成立背景、行业地位及主要经营领域。","sample":"{{sample}}","source":"中芯国际：中芯国际2025年第三季度报告","status":"生效","importance":"不重要","u...<截断 15 字符>', '...': '还有 1 个字段'}}
2026-04-22 15:39:43,895 | DEBUG | individu****view.agent.runners.sse_runner | 发起请求: {'method': 'POST', 'url': 'https://irmp-cot-uat.gf.com.cn/cloudapi/chat/v2/agent/outside/sse/completions', 'headers': {'AuthCode': '****'}, 'json': {'botId': '268719326182560', 'userId': '268719326186656', 'conversationId': '268803868152256', 'urlVersion': 3.0, 'messages': '请基于个股研究框架与输入图谱数据进行评测，只输出一个 JSON 对象，字段仅包含 score 和 reason。\n输入图谱数据：[{"father_chapter":"1","id":"1.1","abstract":"发展概况","content":"说明公司的成立背景、行业地位及主要经营领域。","sample":"{{sample}}","source":"中芯国际：中芯国际2025年第三季度报告","status":"生效","importance":"不重要","u...<截断 15 字符>', '...': '还有 1 个字段'}, 'timeout': 600}
2026-04-22 15:39:43,917 | ERROR | individu****view.agent.runners.sse_runner | 请求失败: {'method': 'POST', 'url': 'https://irmp-cot-uat.gf.com.cn/cloudapi/chat/v2/agent/outside/sse/completions', 'headers': {'AuthCode': '****'}, 'json': {'botId': '268719326182560', 'userId': '268719326186656', 'conversationId': '268803868152256', 'urlVersion': 3.0, 'messages': '请基于个股研究框架与输入图谱数据进行评测，只输出一个 JSON 对象，字段仅包含 score 和 reason。\n输入图谱数据：[{"father_chapter":"1","id":"1.1","abstract":"发展概况","content":"说明公司的成立背景、行业地位及主要经营领域。","sample":"{{sample}}","source":"中芯国际：中芯国际2025年第三季度报告","status":"生效","importance":"不重要","u...<截断 15 字符>', '...': '还有 1 个字段'}, 'timeout': None}
Traceback (most recent call last):
  File "/home/customTest/miniconda3/lib/python3.13/site-packages/aiohttp/connector.py", line 1574, in _create_****tion
    hosts = await self._resolve_host(host, port, traces=traces)
            ^^^^^^^^^^^^^^^^^^^^^^^^^^^^^^^^^^^^^^^^^^^^^^^^^^^
  File "/home/customTest/miniconda3/lib/python3.13/site-packages/aiohttp/connector.py", line 1190, in _resolve_host
    return await asyncio.shield(resolved_host_task)
           ^^^^^^^^^^^^^^^^^^^^^^^^^^^^^^^^^^^^^^^^
  File "/home/customTest/miniconda3/lib/python3.13/site-packages/aiohttp/connector.py", line 1221, in _resolve****ttle
    addrs = await self._resolver.resolve(host, port, family=self._family)
            ^^^^^^^^^^^^^^^^^^^^^^^^^^^^^^^^^^^^^^^^^^^^^^^^^^^^^^^^^^^^^
  File "/home/customTest/miniconda3/lib/python3.13/site-packages/aiohttp/resolver.py", line 40, in resolve
    infos = await self._loop.getaddrinfo(
            ^^^^^^^^^^^^^^^^^^^^^^^^^^^^^
    ...<5 lines>...
    )
    ^
  File "/home/customTest/miniconda3/lib/python3.13/asyncio/base_events.py", line 939, in getaddrinfo
    return await self.run_in_executor(
           ^^^^^^^^^^^^^^^^^^^^^^^^^^^
        None, getaddr_func, host, port, family, type, proto, flags)
        ^^^^^^^^^^^^^^^^^^^^^^^^^^^^^^^^^^^^^^^^^^^^^^^^^^^^^^^^^^^
  File "/home/customTest/miniconda3/lib/python3.13/concurrent/futures/thread.py", line 59, in run
    result = self.fn(*self.args, **self.kwargs)
  File "/home/customTest/miniconda3/lib/python3.13/socket.py", line 977, in getaddrinfo
    for res in _socket.getaddrinfo(host, port, family, type, proto, flags):
               ~~~~~~~~~~~~~~~~~~~^^^^^^^^^^^^^^^^^^^^^^^^^^^^^^^^^^^^^^^^
socket.gaierror: [Errno -2] Name or service not known

The above exception was the direct cause of the following exception:

Traceback (most recent call last):
  File "/home/customTest/individu****view/agent/runners/sse_runner.py", line 160, in apiRequestAsync
    async with session.request(**request_params) as response:
               ~~~~~~~~~~~~~~~^^^^^^^^^^^^^^^^^^
  File "/home/customTest/miniconda3/lib/python3.13/site-packages/aiohttp/client.py", line 1521, in __aenter__
    self._resp: _RetType = await self._coro
                           ^^^^^^^^^^^^^^^^
  File "/home/customTest/miniconda3/lib/python3.13/site-packages/aiohttp/client.py", line 788, in _request
    resp = await handler(req)
           ^^^^^^^^^^^^^^^^^^
  File "/home/customTest/miniconda3/lib/python3.13/site-packages/aiohttp/client.py", line 742, in _connect****uest
    conn = await self._connector.connect(
           ^^^^^^^^^^^^^^^^^^^^^^^^^^^^^^
        req, traces=traces, timeout=real_timeout
        ^^^^^^^^^^^^^^^^^^^^^^^^^^^^^^^^^^^^^^^^
    )
    ^
  File "/home/customTest/miniconda3/lib/python3.13/site-packages/aiohttp/connector.py", line 672, in connect
    proto = await self._create_connection(req, traces, timeout)
            ^^^^^^^^^^^^^^^^^^^^^^^^^^^^^^^^^^^^^^^^^^^^^^^^^^^
  File "/home/customTest/miniconda3/lib/python3.13/site-packages/aiohttp/connector.py", line 1251, in _create_connection
    _, proto = await self._create_****tion(req, traces, timeout)
               ^^^^^^^^^^^^^^^^^^^^^^^^^^^^^^^^^^^^^^^^^^^^^^^^^^^^^^^^^^
  File "/home/customTest/miniconda3/lib/python3.13/site-packages/aiohttp/connector.py", line 1580, in _create_****tion
    raise ClientCo****rror(req.connection_key, exc) from exc
aiohttp.client_exceptions.ClientCo****rror: Cannot connect to host irmp-cot-uat.gf.com.cn:443 ssl:default [Name or service not known]
2026-04-22 15:39:43,920 | WARNING | individu****view.agent.runners.sse_runner | 请求重试耗尽: {'method': 'POST', 'url': 'https://irmp-cot-uat.gf.com.cn/cloudapi/chat/v2/agent/outside/sse/completions', 'headers': {'AuthCode': '****'}, 'json': {'botId': '268719326182560', 'userId': '268719326186656', 'conversationId': '268803868152256', 'urlVersion': 3.0, 'messages': '请基于个股研究框架与输入图谱数据进行评测，只输出一个 JSON 对象，字段仅包含 score 和 reason。\n输入图谱数据：[{"father_chapter":"1","id":"1.1","abstract":"发展概况","content":"说明公司的成立背景、行业地位及主要经营领域。","sample":"{{sample}}","source":"中芯国际：中芯国际2025年第三季度报告","status":"生效","importance":"不重要","u...<截断 15 字符>', '...': '还有 1 个字段'}, 'timeout': 600}
2026-04-22 15:39:46,898 | DEBUG | individu****view.agent.gf.stockGraph | 调用 GF 智能体: {'session': {'sessionName': '新对话', 'sessionType': 'agent', 'chatType': 'agent_chat_debug', 'agentId': '268719326186656', 'agentBatchId': '268719326182560'}, 'agent': {'botId': '268719326182560', 'userId': '268719326186656', 'conversationId': '268803868152256', 'urlVersion': 3.0, 'messages': '请基于个股研究框架与输入图谱数据进行评测，只输出一个 JSON 对象，字段仅包含 score 和 reason。\n输入图谱数据：[{"father_chapter":"1","id":"1.1","abstract":"发展概况","content":"描述公司主营业务定位、主要服务领域及行业布局。","sample":"{{sample}}","source":"毅昌科技：2024年半年度报告","status":"生效","importance":"不重要","updat...<截断 15 字符>', '...': '还有 1 个字段'}}
2026-04-22 15:39:46,899 | DEBUG | individu****view.agent.runners.sse_runner | 发起请求: {'method': 'POST', 'url': 'https://irmp-cot-uat.gf.com.cn/cloudapi/chat/v2/agent/outside/sse/completions', 'headers': {'AuthCode': '****'}, 'json': {'botId': '268719326182560', 'userId': '268719326186656', 'conversationId': '268803868152256', 'urlVersion': 3.0, 'messages': '请基于个股研究框架与输入图谱数据进行评测，只输出一个 JSON 对象，字段仅包含 score 和 reason。\n输入图谱数据：[{"father_chapter":"1","id":"1.1","abstract":"发展概况","content":"描述公司主营业务定位、主要服务领域及行业布局。","sample":"{{sample}}","source":"毅昌科技：2024年半年度报告","status":"生效","importance":"不重要","updat...<截断 15 字符>', '...': '还有 1 个字段'}, 'timeout': 600}
2026-04-22 15:39:46,917 | ERROR | individu****view.agent.runners.sse_runner | 请求失败: {'method': 'POST', 'url': 'https://irmp-cot-uat.gf.com.cn/cloudapi/chat/v2/agent/outside/sse/completions', 'headers': {'AuthCode': '****'}, 'json': {'botId': '268719326182560', 'userId': '268719326186656', 'conversationId': '268803868152256', 'urlVersion': 3.0, 'messages': '请基于个股研究框架与输入图谱数据进行评测，只输出一个 JSON 对象，字段仅包含 score 和 reason。\n输入图谱数据：[{"father_chapter":"1","id":"1.1","abstract":"发展概况","content":"描述公司主营业务定位、主要服务领域及行业布局。","sample":"{{sample}}","source":"毅昌科技：2024年半年度报告","status":"生效","importance":"不重要","updat...<截断 15 字符>', '...': '还有 1 个字段'}, 'timeout': None}
Traceback (most recent call last):
  File "/home/customTest/miniconda3/lib/python3.13/site-packages/aiohttp/connector.py", line 1574, in _create_****tion
    hosts = await self._resolve_host(host, port, traces=traces)
            ^^^^^^^^^^^^^^^^^^^^^^^^^^^^^^^^^^^^^^^^^^^^^^^^^^^
  File "/home/customTest/miniconda3/lib/python3.13/site-packages/aiohttp/connector.py", line 1190, in _resolve_host
    return await asyncio.shield(resolved_host_task)
           ^^^^^^^^^^^^^^^^^^^^^^^^^^^^^^^^^^^^^^^^
  File "/home/customTest/miniconda3/lib/python3.13/site-packages/aiohttp/connector.py", line 1221, in _resolve****ttle
    addrs = await self._resolver.resolve(host, port, family=self._family)
            ^^^^^^^^^^^^^^^^^^^^^^^^^^^^^^^^^^^^^^^^^^^^^^^^^^^^^^^^^^^^^
  File "/home/customTest/miniconda3/lib/python3.13/site-packages/aiohttp/resolver.py", line 40, in resolve
    infos = await self._loop.getaddrinfo(
            ^^^^^^^^^^^^^^^^^^^^^^^^^^^^^
    ...<5 lines>...
    )
    ^
  File "/home/customTest/miniconda3/lib/python3.13/asyncio/base_events.py", line 939, in getaddrinfo
    return await self.run_in_executor(
           ^^^^^^^^^^^^^^^^^^^^^^^^^^^
        None, getaddr_func, host, port, family, type, proto, flags)
        ^^^^^^^^^^^^^^^^^^^^^^^^^^^^^^^^^^^^^^^^^^^^^^^^^^^^^^^^^^^
  File "/home/customTest/miniconda3/lib/python3.13/concurrent/futures/thread.py", line 59, in run
    result = self.fn(*self.args, **self.kwargs)
  File "/home/customTest/miniconda3/lib/python3.13/socket.py", line 977, in getaddrinfo
    for res in _socket.getaddrinfo(host, port, family, type, proto, flags):
               ~~~~~~~~~~~~~~~~~~~^^^^^^^^^^^^^^^^^^^^^^^^^^^^^^^^^^^^^^^^
socket.gaierror: [Errno -2] Name or service not known

The above exception was the direct cause of the following exception:

Traceback (most recent call last):
  File "/home/customTest/individu****view/agent/runners/sse_runner.py", line 160, in apiRequestAsync
    async with session.request(**request_params) as response:
               ~~~~~~~~~~~~~~~^^^^^^^^^^^^^^^^^^
  File "/home/customTest/miniconda3/lib/python3.13/site-packages/aiohttp/client.py", line 1521, in __aenter__
    self._resp: _RetType = await self._coro
                           ^^^^^^^^^^^^^^^^
  File "/home/customTest/miniconda3/lib/python3.13/site-packages/aiohttp/client.py", line 788, in _request
    resp = await handler(req)
           ^^^^^^^^^^^^^^^^^^
  File "/home/customTest/miniconda3/lib/python3.13/site-packages/aiohttp/client.py", line 742, in _connect****uest
    conn = await self._connector.connect(
           ^^^^^^^^^^^^^^^^^^^^^^^^^^^^^^
        req, traces=traces, timeout=real_timeout
        ^^^^^^^^^^^^^^^^^^^^^^^^^^^^^^^^^^^^^^^^
    )
    ^
  File "/home/customTest/miniconda3/lib/python3.13/site-packages/aiohttp/connector.py", line 672, in connect
    proto = await self._create_connection(req, traces, timeout)
            ^^^^^^^^^^^^^^^^^^^^^^^^^^^^^^^^^^^^^^^^^^^^^^^^^^^
  File "/home/customTest/miniconda3/lib/python3.13/site-packages/aiohttp/connector.py", line 1251, in _create_connection
    _, proto = await self._create_****tion(req, traces, timeout)
               ^^^^^^^^^^^^^^^^^^^^^^^^^^^^^^^^^^^^^^^^^^^^^^^^^^^^^^^^^^
  File "/home/customTest/miniconda3/lib/python3.13/site-packages/aiohttp/connector.py", line 1580, in _create_****tion
    raise ClientCo****rror(req.connection_key, exc) from exc
aiohttp.client_exceptions.ClientCo****rror: Cannot connect to host irmp-cot-uat.gf.com.cn:443 ssl:default [Name or service not known]
2026-04-22 15:39:46,920 | WARNING | individu****view.agent.runners.sse_runner | 请求重试耗尽: {'method': 'POST', 'url': 'https://irmp-cot-uat.gf.com.cn/cloudapi/chat/v2/agent/outside/sse/completions', 'headers': {'AuthCode': '****'}, 'json': {'botId': '268719326182560', 'userId': '268719326186656', 'conversationId': '268803868152256', 'urlVersion': 3.0, 'messages': '请基于个股研究框架与输入图谱数据进行评测，只输出一个 JSON 对象，字段仅包含 score 和 reason。\n输入图谱数据：[{"father_chapter":"1","id":"1.1","abstract":"发展概况","content":"描述公司主营业务定位、主要服务领域及行业布局。","sample":"{{sample}}","source":"毅昌科技：2024年半年度报告","status":"生效","importance":"不重要","updat...<截断 15 字符>', '...': '还有 1 个字段'}, 'timeout': 600}
2026-04-22 15:39:49,902 | DEBUG | individu****view.agent.gf.stockGraph | 调用 GF 智能体: {'session': {'sessionName': '新对话', 'sessionType': 'agent', 'chatType': 'agent_chat_debug', 'agentId': '268719326186656', 'agentBatchId': '268719326182560'}, 'agent': {'botId': '268719326182560', 'userId': '268719326186656', 'conversationId': '268803868152256', 'urlVersion': 3.0, 'messages': '请基于个股研究框架与输入图谱数据进行评测，只输出一个 JSON 对象，字段仅包含 score 和 reason。\n输入图谱数据：[{"father_chapter":"1","id":"1.1","abstract":"发展概况","content":"说明公司的成立背景、行业地位及主要经营领域。","sample":"{{sample}}","source":"中芯国际：中芯国际2025年第三季度报告","status":"生效","importance":"不重要","u...<截断 15 字符>', '...': '还有 1 个字段'}}
2026-04-22 15:39:49,903 | DEBUG | individu****view.agent.runners.sse_runner | 发起请求: {'method': 'POST', 'url': 'https://irmp-cot-uat.gf.com.cn/cloudapi/chat/v2/agent/outside/sse/completions', 'headers': {'AuthCode': '****'}, 'json': {'botId': '268719326182560', 'userId': '268719326186656', 'conversationId': '268803868152256', 'urlVersion': 3.0, 'messages': '请基于个股研究框架与输入图谱数据进行评测，只输出一个 JSON 对象，字段仅包含 score 和 reason。\n输入图谱数据：[{"father_chapter":"1","id":"1.1","abstract":"发展概况","content":"说明公司的成立背景、行业地位及主要经营领域。","sample":"{{sample}}","source":"中芯国际：中芯国际2025年第三季度报告","status":"生效","importance":"不重要","u...<截断 15 字符>', '...': '还有 1 个字段'}, 'timeout': 600}
2026-04-22 15:39:49,924 | ERROR | individu****view.agent.runners.sse_runner | 请求失败: {'method': 'POST', 'url': 'https://irmp-cot-uat.gf.com.cn/cloudapi/chat/v2/agent/outside/sse/completions', 'headers': {'AuthCode': '****'}, 'json': {'botId': '268719326182560', 'userId': '268719326186656', 'conversationId': '268803868152256', 'urlVersion': 3.0, 'messages': '请基于个股研究框架与输入图谱数据进行评测，只输出一个 JSON 对象，字段仅包含 score 和 reason。\n输入图谱数据：[{"father_chapter":"1","id":"1.1","abstract":"发展概况","content":"说明公司的成立背景、行业地位及主要经营领域。","sample":"{{sample}}","source":"中芯国际：中芯国际2025年第三季度报告","status":"生效","importance":"不重要","u...<截断 15 字符>', '...': '还有 1 个字段'}, 'timeout': None}
Traceback (most recent call last):
  File "/home/customTest/miniconda3/lib/python3.13/site-packages/aiohttp/connector.py", line 1574, in _create_****tion
    hosts = await self._resolve_host(host, port, traces=traces)
            ^^^^^^^^^^^^^^^^^^^^^^^^^^^^^^^^^^^^^^^^^^^^^^^^^^^
  File "/home/customTest/miniconda3/lib/python3.13/site-packages/aiohttp/connector.py", line 1190, in _resolve_host
    return await asyncio.shield(resolved_host_task)
           ^^^^^^^^^^^^^^^^^^^^^^^^^^^^^^^^^^^^^^^^
  File "/home/customTest/miniconda3/lib/python3.13/site-packages/aiohttp/connector.py", line 1221, in _resolve****ttle
    addrs = await self._resolver.resolve(host, port, family=self._family)
            ^^^^^^^^^^^^^^^^^^^^^^^^^^^^^^^^^^^^^^^^^^^^^^^^^^^^^^^^^^^^^
  File "/home/customTest/miniconda3/lib/python3.13/site-packages/aiohttp/resolver.py", line 40, in resolve
    infos = await self._loop.getaddrinfo(
            ^^^^^^^^^^^^^^^^^^^^^^^^^^^^^
    ...<5 lines>...
    )
    ^
  File "/home/customTest/miniconda3/lib/python3.13/asyncio/base_events.py", line 939, in getaddrinfo
    return await self.run_in_executor(
           ^^^^^^^^^^^^^^^^^^^^^^^^^^^
        None, getaddr_func, host, port, family, type, proto, flags)
        ^^^^^^^^^^^^^^^^^^^^^^^^^^^^^^^^^^^^^^^^^^^^^^^^^^^^^^^^^^^
  File "/home/customTest/miniconda3/lib/python3.13/concurrent/futures/thread.py", line 59, in run
    result = self.fn(*self.args, **self.kwargs)
  File "/home/customTest/miniconda3/lib/python3.13/socket.py", line 977, in getaddrinfo
    for res in _socket.getaddrinfo(host, port, family, type, proto, flags):
               ~~~~~~~~~~~~~~~~~~~^^^^^^^^^^^^^^^^^^^^^^^^^^^^^^^^^^^^^^^^
socket.gaierror: [Errno -2] Name or service not known

The above exception was the direct cause of the following exception:

Traceback (most recent call last):
  File "/home/customTest/individu****view/agent/runners/sse_runner.py", line 160, in apiRequestAsync
    async with session.request(**request_params) as response:
               ~~~~~~~~~~~~~~~^^^^^^^^^^^^^^^^^^
  File "/home/customTest/miniconda3/lib/python3.13/site-packages/aiohttp/client.py", line 1521, in __aenter__
    self._resp: _RetType = await self._coro
                           ^^^^^^^^^^^^^^^^
  File "/home/customTest/miniconda3/lib/python3.13/site-packages/aiohttp/client.py", line 788, in _request
    resp = await handler(req)
           ^^^^^^^^^^^^^^^^^^
  File "/home/customTest/miniconda3/lib/python3.13/site-packages/aiohttp/client.py", line 742, in _connect****uest
    conn = await self._connector.connect(
           ^^^^^^^^^^^^^^^^^^^^^^^^^^^^^^
        req, traces=traces, timeout=real_timeout
        ^^^^^^^^^^^^^^^^^^^^^^^^^^^^^^^^^^^^^^^^
    )
    ^
  File "/home/customTest/miniconda3/lib/python3.13/site-packages/aiohttp/connector.py", line 672, in connect
    proto = await self._create_connection(req, traces, timeout)
            ^^^^^^^^^^^^^^^^^^^^^^^^^^^^^^^^^^^^^^^^^^^^^^^^^^^
  File "/home/customTest/miniconda3/lib/python3.13/site-packages/aiohttp/connector.py", line 1251, in _create_connection
    _, proto = await self._create_****tion(req, traces, timeout)
               ^^^^^^^^^^^^^^^^^^^^^^^^^^^^^^^^^^^^^^^^^^^^^^^^^^^^^^^^^^
  File "/home/customTest/miniconda3/lib/python3.13/site-packages/aiohttp/connector.py", line 1580, in _create_****tion
    raise ClientCo****rror(req.connection_key, exc) from exc
aiohttp.client_exceptions.ClientCo****rror: Cannot connect to host irmp-cot-uat.gf.com.cn:443 ssl:default [Name or service not known]
2026-04-22 15:39:49,928 | WARNING | individu****view.agent.runners.sse_runner | 请求重试耗尽: {'method': 'POST', 'url': 'https://irmp-cot-uat.gf.com.cn/cloudapi/chat/v2/agent/outside/sse/completions', 'headers': {'AuthCode': '****'}, 'json': {'botId': '268719326182560', 'userId': '268719326186656', 'conversationId': '268803868152256', 'urlVersion': 3.0, 'messages': '请基于个股研究框架与输入图谱数据进行评测，只输出一个 JSON 对象，字段仅包含 score 和 reason。\n输入图谱数据：[{"father_chapter":"1","id":"1.1","abstract":"发展概况","content":"说明公司的成立背景、行业地位及主要经营领域。","sample":"{{sample}}","source":"中芯国际：中芯国际2025年第三季度报告","status":"生效","importance":"不重要","u...<截断 15 字符>', '...': '还有 1 个字段'}, 'timeout': 600}
2026-04-22 15:39:52,905 | DEBUG | individu****view.agent.gf.stockGraph | 调用 GF 智能体: {'session': {'sessionName': '新对话', 'sessionType': 'agent', 'chatType': 'agent_chat_debug', 'agentId': '268719326186656', 'agentBatchId': '268719326182560'}, 'agent': {'botId': '268719326182560', 'userId': '268719326186656', 'conversationId': '268803868152256', 'urlVersion': 3.0, 'messages': '请基于个股研究框架与输入图谱数据进行评测，只输出一个 JSON 对象，字段仅包含 score 和 reason。\n输入图谱数据：[{"father_chapter":"1","id":"1.1","abstract":"发展概况","content":"描述公司主营业务定位、主要服务领域及行业布局。","sample":"{{sample}}","source":"毅昌科技：2024年半年度报告","status":"生效","importance":"不重要","updat...<截断 15 字符>', '...': '还有 1 个字段'}}
2026-04-22 15:39:52,906 | DEBUG | individu****view.agent.runners.sse_runner | 发起请求: {'method': 'POST', 'url': 'https://irmp-cot-uat.gf.com.cn/cloudapi/chat/v2/agent/outside/sse/completions', 'headers': {'AuthCode': '****'}, 'json': {'botId': '268719326182560', 'userId': '268719326186656', 'conversationId': '268803868152256', 'urlVersion': 3.0, 'messages': '请基于个股研究框架与输入图谱数据进行评测，只输出一个 JSON 对象，字段仅包含 score 和 reason。\n输入图谱数据：[{"father_chapter":"1","id":"1.1","abstract":"发展概况","content":"描述公司主营业务定位、主要服务领域及行业布局。","sample":"{{sample}}","source":"毅昌科技：2024年半年度报告","status":"生效","importance":"不重要","updat...<截断 15 字符>', '...': '还有 1 个字段'}, 'timeout': 600}
2026-04-22 15:39:52,924 | ERROR | individu****view.agent.runners.sse_runner | 请求失败: {'method': 'POST', 'url': 'https://irmp-cot-uat.gf.com.cn/cloudapi/chat/v2/agent/outside/sse/completions', 'headers': {'AuthCode': '****'}, 'json': {'botId': '268719326182560', 'userId': '268719326186656', 'conversationId': '268803868152256', 'urlVersion': 3.0, 'messages': '请基于个股研究框架与输入图谱数据进行评测，只输出一个 JSON 对象，字段仅包含 score 和 reason。\n输入图谱数据：[{"father_chapter":"1","id":"1.1","abstract":"发展概况","content":"描述公司主营业务定位、主要服务领域及行业布局。","sample":"{{sample}}","source":"毅昌科技：2024年半年度报告","status":"生效","importance":"不重要","updat...<截断 15 字符>', '...': '还有 1 个字段'}, 'timeout': None}
Traceback (most recent call last):
  File "/home/customTest/miniconda3/lib/python3.13/site-packages/aiohttp/connector.py", line 1574, in _create_****tion
    hosts = await self._resolve_host(host, port, traces=traces)
            ^^^^^^^^^^^^^^^^^^^^^^^^^^^^^^^^^^^^^^^^^^^^^^^^^^^
  File "/home/customTest/miniconda3/lib/python3.13/site-packages/aiohttp/connector.py", line 1190, in _resolve_host
    return await asyncio.shield(resolved_host_task)
           ^^^^^^^^^^^^^^^^^^^^^^^^^^^^^^^^^^^^^^^^
  File "/home/customTest/miniconda3/lib/python3.13/site-packages/aiohttp/connector.py", line 1221, in _resolve****ttle
    addrs = await self._resolver.resolve(host, port, family=self._family)
            ^^^^^^^^^^^^^^^^^^^^^^^^^^^^^^^^^^^^^^^^^^^^^^^^^^^^^^^^^^^^^
  File "/home/customTest/miniconda3/lib/python3.13/site-packages/aiohttp/resolver.py", line 40, in resolve
    infos = await self._loop.getaddrinfo(
            ^^^^^^^^^^^^^^^^^^^^^^^^^^^^^
    ...<5 lines>...
    )
    ^
  File "/home/customTest/miniconda3/lib/python3.13/asyncio/base_events.py", line 939, in getaddrinfo
    return await self.run_in_executor(
           ^^^^^^^^^^^^^^^^^^^^^^^^^^^
        None, getaddr_func, host, port, family, type, proto, flags)
        ^^^^^^^^^^^^^^^^^^^^^^^^^^^^^^^^^^^^^^^^^^^^^^^^^^^^^^^^^^^
  File "/home/customTest/miniconda3/lib/python3.13/concurrent/futures/thread.py", line 59, in run
    result = self.fn(*self.args, **self.kwargs)
  File "/home/customTest/miniconda3/lib/python3.13/socket.py", line 977, in getaddrinfo
    for res in _socket.getaddrinfo(host, port, family, type, proto, flags):
               ~~~~~~~~~~~~~~~~~~~^^^^^^^^^^^^^^^^^^^^^^^^^^^^^^^^^^^^^^^^
socket.gaierror: [Errno -2] Name or service not known

The above exception was the direct cause of the following exception:

Traceback (most recent call last):
  File "/home/customTest/individu****view/agent/runners/sse_runner.py", line 160, in apiRequestAsync
    async with session.request(**request_params) as response:
               ~~~~~~~~~~~~~~~^^^^^^^^^^^^^^^^^^
  File "/home/customTest/miniconda3/lib/python3.13/site-packages/aiohttp/client.py", line 1521, in __aenter__
    self._resp: _RetType = await self._coro
                           ^^^^^^^^^^^^^^^^
  File "/home/customTest/miniconda3/lib/python3.13/site-packages/aiohttp/client.py", line 788, in _request
    resp = await handler(req)
           ^^^^^^^^^^^^^^^^^^
  File "/home/customTest/miniconda3/lib/python3.13/site-packages/aiohttp/client.py", line 742, in _connect****uest
    conn = await self._connector.connect(
           ^^^^^^^^^^^^^^^^^^^^^^^^^^^^^^
        req, traces=traces, timeout=real_timeout
        ^^^^^^^^^^^^^^^^^^^^^^^^^^^^^^^^^^^^^^^^
    )
    ^
  File "/home/customTest/miniconda3/lib/python3.13/site-packages/aiohttp/connector.py", line 672, in connect
    proto = await self._create_connection(req, traces, timeout)
            ^^^^^^^^^^^^^^^^^^^^^^^^^^^^^^^^^^^^^^^^^^^^^^^^^^^
  File "/home/customTest/miniconda3/lib/python3.13/site-packages/aiohttp/connector.py", line 1251, in _create_connection
    _, proto = await self._create_****tion(req, traces, timeout)
               ^^^^^^^^^^^^^^^^^^^^^^^^^^^^^^^^^^^^^^^^^^^^^^^^^^^^^^^^^^
  File "/home/customTest/miniconda3/lib/python3.13/site-packages/aiohttp/connector.py", line 1580, in _create_****tion
    raise ClientCo****rror(req.connection_key, exc) from exc
aiohttp.client_exceptions.ClientCo****rror: Cannot connect to host irmp-cot-uat.gf.com.cn:443 ssl:default [Name or service not known]
2026-04-22 15:39:52,928 | WARNING | individu****view.agent.runners.sse_runner | 请求重试耗尽: {'method': 'POST', 'url': 'https://irmp-cot-uat.gf.com.cn/cloudapi/chat/v2/agent/outside/sse/completions', 'headers': {'AuthCode': '****'}, 'json': {'botId': '268719326182560', 'userId': '268719326186656', 'conversationId': '268803868152256', 'urlVersion': 3.0, 'messages': '请基于个股研究框架与输入图谱数据进行评测，只输出一个 JSON 对象，字段仅包含 score 和 reason。\n输入图谱数据：[{"father_chapter":"1","id":"1.1","abstract":"发展概况","content":"描述公司主营业务定位、主要服务领域及行业布局。","sample":"{{sample}}","source":"毅昌科技：2024年半年度报告","status":"生效","importance":"不重要","updat...<截断 15 字符>', '...': '还有 1 个字段'}, 'timeout': 600}
2026-04-22 15:39:52,928 | WARNING | individu****view.agent.runners.sse_runner | 请求重试耗尽: {'method': None, 'url': None, 'headers': None, 'json': None, 'timeout': None}
2026-04-22 15:39:55,909 | DEBUG | individu****view.agent.gf.stockGraph | 调用 GF 智能体: {'session': {'sessionName': '新对话', 'sessionType': 'agent', 'chatType': 'agent_chat_debug', 'agentId': '268719326186656', 'agentBatchId': '268719326182560'}, 'agent': {'botId': '268719326182560', 'userId': '268719326186656', 'conversationId': '268803868152256', 'urlVersion': 3.0, 'messages': '请基于个股研究框架与输入图谱数据进行评测，只输出一个 JSON 对象，字段仅包含 score 和 reason。\n输入图谱数据：[{"father_chapter":"1","id":"1.1","abstract":"发展概况","content":"说明公司的成立背景、行业地位及主要经营领域。","sample":"{{sample}}","source":"中芯国际：中芯国际2025年第三季度报告","status":"生效","importance":"不重要","u...<截断 15 字符>', '...': '还有 1 个字段'}}
2026-04-22 15:39:55,910 | DEBUG | individu****view.agent.runners.sse_runner | 发起请求: {'method': 'POST', 'url': 'https://irmp-cot-uat.gf.com.cn/cloudapi/chat/v2/agent/outside/sse/completions', 'headers': {'AuthCode': '****'}, 'json': {'botId': '268719326182560', 'userId': '268719326186656', 'conversationId': '268803868152256', 'urlVersion': 3.0, 'messages': '请基于个股研究框架与输入图谱数据进行评测，只输出一个 JSON 对象，字段仅包含 score 和 reason。\n输入图谱数据：[{"father_chapter":"1","id":"1.1","abstract":"发展概况","content":"说明公司的成立背景、行业地位及主要经营领域。","sample":"{{sample}}","source":"中芯国际：中芯国际2025年第三季度报告","status":"生效","importance":"不重要","u...<截断 15 字符>', '...': '还有 1 个字段'}, 'timeout': 600}
2026-04-22 15:39:55,929 | ERROR | individu****view.agent.runners.sse_runner | 请求失败: {'method': 'POST', 'url': 'https://irmp-cot-uat.gf.com.cn/cloudapi/chat/v2/agent/outside/sse/completions', 'headers': {'AuthCode': '****'}, 'json': {'botId': '268719326182560', 'userId': '268719326186656', 'conversationId': '268803868152256', 'urlVersion': 3.0, 'messages': '请基于个股研究框架与输入图谱数据进行评测，只输出一个 JSON 对象，字段仅包含 score 和 reason。\n输入图谱数据：[{"father_chapter":"1","id":"1.1","abstract":"发展概况","content":"说明公司的成立背景、行业地位及主要经营领域。","sample":"{{sample}}","source":"中芯国际：中芯国际2025年第三季度报告","status":"生效","importance":"不重要","u...<截断 15 字符>', '...': '还有 1 个字段'}, 'timeout': None}
Traceback (most recent call last):
  File "/home/customTest/miniconda3/lib/python3.13/site-packages/aiohttp/connector.py", line 1574, in _create_****tion
    hosts = await self._resolve_host(host, port, traces=traces)
            ^^^^^^^^^^^^^^^^^^^^^^^^^^^^^^^^^^^^^^^^^^^^^^^^^^^
  File "/home/customTest/miniconda3/lib/python3.13/site-packages/aiohttp/connector.py", line 1190, in _resolve_host
    return await asyncio.shield(resolved_host_task)
           ^^^^^^^^^^^^^^^^^^^^^^^^^^^^^^^^^^^^^^^^
  File "/home/customTest/miniconda3/lib/python3.13/site-packages/aiohttp/connector.py", line 1221, in _resolve****ttle
    addrs = await self._resolver.resolve(host, port, family=self._family)
            ^^^^^^^^^^^^^^^^^^^^^^^^^^^^^^^^^^^^^^^^^^^^^^^^^^^^^^^^^^^^^
  File "/home/customTest/miniconda3/lib/python3.13/site-packages/aiohttp/resolver.py", line 40, in resolve
    infos = await self._loop.getaddrinfo(
            ^^^^^^^^^^^^^^^^^^^^^^^^^^^^^
    ...<5 lines>...
    )
    ^
  File "/home/customTest/miniconda3/lib/python3.13/asyncio/base_events.py", line 939, in getaddrinfo
    return await self.run_in_executor(
           ^^^^^^^^^^^^^^^^^^^^^^^^^^^
        None, getaddr_func, host, port, family, type, proto, flags)
        ^^^^^^^^^^^^^^^^^^^^^^^^^^^^^^^^^^^^^^^^^^^^^^^^^^^^^^^^^^^
  File "/home/customTest/miniconda3/lib/python3.13/concurrent/futures/thread.py", line 59, in run
    result = self.fn(*self.args, **self.kwargs)
  File "/home/customTest/miniconda3/lib/python3.13/socket.py", line 977, in getaddrinfo
    for res in _socket.getaddrinfo(host, port, family, type, proto, flags):
               ~~~~~~~~~~~~~~~~~~~^^^^^^^^^^^^^^^^^^^^^^^^^^^^^^^^^^^^^^^^
socket.gaierror: [Errno -2] Name or service not known

The above exception was the direct cause of the following exception:

Traceback (most recent call last):
  File "/home/customTest/individu****view/agent/runners/sse_runner.py", line 160, in apiRequestAsync
    async with session.request(**request_params) as response:
               ~~~~~~~~~~~~~~~^^^^^^^^^^^^^^^^^^
  File "/home/customTest/miniconda3/lib/python3.13/site-packages/aiohttp/client.py", line 1521, in __aenter__
    self._resp: _RetType = await self._coro
                           ^^^^^^^^^^^^^^^^
  File "/home/customTest/miniconda3/lib/python3.13/site-packages/aiohttp/client.py", line 788, in _request
    resp = await handler(req)
           ^^^^^^^^^^^^^^^^^^
  File "/home/customTest/miniconda3/lib/python3.13/site-packages/aiohttp/client.py", line 742, in _connect****uest
    conn = await self._connector.connect(
           ^^^^^^^^^^^^^^^^^^^^^^^^^^^^^^
        req, traces=traces, timeout=real_timeout
        ^^^^^^^^^^^^^^^^^^^^^^^^^^^^^^^^^^^^^^^^
    )
    ^
  File "/home/customTest/miniconda3/lib/python3.13/site-packages/aiohttp/connector.py", line 672, in connect
    proto = await self._create_connection(req, traces, timeout)
            ^^^^^^^^^^^^^^^^^^^^^^^^^^^^^^^^^^^^^^^^^^^^^^^^^^^
  File "/home/customTest/miniconda3/lib/python3.13/site-packages/aiohttp/connector.py", line 1251, in _create_connection
    _, proto = await self._create_****tion(req, traces, timeout)
               ^^^^^^^^^^^^^^^^^^^^^^^^^^^^^^^^^^^^^^^^^^^^^^^^^^^^^^^^^^
  File "/home/customTest/miniconda3/lib/python3.13/site-packages/aiohttp/connector.py", line 1580, in _create_****tion
    raise ClientCo****rror(req.connection_key, exc) from exc
aiohttp.client_exceptions.ClientCo****rror: Cannot connect to host irmp-cot-uat.gf.com.cn:443 ssl:default [Name or service not known]
2026-04-22 15:39:55,932 | WARNING | individu****view.agent.runners.sse_runner | 请求重试耗尽: {'method': 'POST', 'url': 'https://irmp-cot-uat.gf.com.cn/cloudapi/chat/v2/agent/outside/sse/completions', 'headers': {'AuthCode': '****'}, 'json': {'botId': '268719326182560', 'userId': '268719326186656', 'conversationId': '268803868152256', 'urlVersion': 3.0, 'messages': '请基于个股研究框架与输入图谱数据进行评测，只输出一个 JSON 对象，字段仅包含 score 和 reason。\n输入图谱数据：[{"father_chapter":"1","id":"1.1","abstract":"发展概况","content":"说明公司的成立背景、行业地位及主要经营领域。","sample":"{{sample}}","source":"中芯国际：中芯国际2025年第三季度报告","status":"生效","importance":"不重要","u...<截断 15 字符>', '...': '还有 1 个字段'}, 'timeout': 600}
2026-04-22 15:39:55,933 | WARNING | individu****view.agent.runners.sse_runner | 请求重试耗尽: {'method': None, 'url': None, 'headers': None, 'json': None, 'timeout': None}
2026-04-22 15:39:56,023 | INFO | individu****view.pipelines.stock_graph_eval | stockGraph 评测完成，结果条数=2
2026-04-22 15:52:04,064 | DEBUG | individu****view.agent.providers.gf_platform | 构建 GF 智能体: agent_key=stockGraph session_key=gfGetSession
2026-04-22 15:52:04,091 | DEBUG | individu****view.agent.gf.stockGraph | 调用 GF 智能体: {'session': {'sessionName': '新对话', 'sessionType': 'agent', 'chatType': 'agent_chat_debug', 'agentId': '268742034726368', 'agentBatchId': '268742034725344'}, 'agent': {'botId': '268742034725344', 'userId': '268742034726368', 'conversationId': '268742078082176', 'urlVersion': 3.0, 'messages': '请基于个股研究框架与输入图谱数据进行评测，只输出一个 JSON 对象，字段仅包含 score 和 reason。\n输入图谱数据：[{"father_chapter":"1","id":"1.1","abstract":"发展概况","content":"描述公司主营业务定位、主要服务领域及行业布局。","sample":"{{sample}}","source":"毅昌科技：2024年半年度报告","status":"生效","importance":"不重要","updat...<截断 15 字符>', '...': '还有 1 个字段'}}
2026-04-22 15:52:04,091 | DEBUG | individu****view.agent.runners.sse_runner | 发起请求: {'method': 'POST', 'url': 'https://pure.warrenq.com/nagent/cloudtest/chat/v2/agent/outside/sse/completions', 'headers': {'AuthCode': '****'}, 'json': {'botId': '268742034725344', 'userId': '268742034726368', 'conversationId': '268742078082176', 'urlVersion': 3.0, 'messages': '请基于个股研究框架与输入图谱数据进行评测，只输出一个 JSON 对象，字段仅包含 score 和 reason。\n输入图谱数据：[{"father_chapter":"1","id":"1.1","abstract":"发展概况","content":"描述公司主营业务定位、主要服务领域及行业布局。","sample":"{{sample}}","source":"毅昌科技：2024年半年度报告","status":"生效","importance":"不重要","updat...<截断 15 字符>', '...': '还有 1 个字段'}, 'timeout': '600GF'}
2026-04-22 15:52:04,093 | ERROR | individu****view.agent.runners.sse_runner | 请求失败: {'method': 'POST', 'url': 'https://pure.warrenq.com/nagent/cloudtest/chat/v2/agent/outside/sse/completions', 'headers': {'AuthCode': '****'}, 'json': {'botId': '268742034725344', 'userId': '268742034726368', 'conversationId': '268742078082176', 'urlVersion': 3.0, 'messages': '请基于个股研究框架与输入图谱数据进行评测，只输出一个 JSON 对象，字段仅包含 score 和 reason。\n输入图谱数据：[{"father_chapter":"1","id":"1.1","abstract":"发展概况","content":"描述公司主营业务定位、主要服务领域及行业布局。","sample":"{{sample}}","source":"毅昌科技：2024年半年度报告","status":"生效","importance":"不重要","updat...<截断 15 字符>', '...': '还有 1 个字段'}, 'timeout': None}
Traceback (most recent call last):
  File "/home/customTest/individu****view/agent/runners/sse_runner.py", line 160, in apiRequestAsync
    async with session.request(**request_params) as response:
               ~~~~~~~~~~~~~~~^^^^^^^^^^^^^^^^^^
  File "/home/customTest/miniconda3/lib/python3.13/site-packages/aiohttp/client.py", line 1521, in __aenter__
    self._resp: _RetType = await self._coro
                           ^^^^^^^^^^^^^^^^
  File "/home/customTest/miniconda3/lib/python3.13/site-packages/aiohttp/client.py", line 601, in _request
    handle = tm.start()
  File "/home/customTest/miniconda3/lib/python3.13/site-packages/aiohttp/helpers.py", line 611, in start
    if timeout is not None and timeout > 0:
                               ^^^^^^^^^^^
TypeError: '>' not supported between instances of 'str' and 'int'
2026-04-22 15:52:04,095 | WARNING | individu****view.agent.runners.sse_runner | 请求重试耗尽: {'method': 'POST', 'url': 'https://pure.warrenq.com/nagent/cloudtest/chat/v2/agent/outside/sse/completions', 'headers': {'AuthCode': '****'}, 'json': {'botId': '268742034725344', 'userId': '268742034726368', 'conversationId': '268742078082176', 'urlVersion': 3.0, 'messages': '请基于个股研究框架与输入图谱数据进行评测，只输出一个 JSON 对象，字段仅包含 score 和 reason。\n输入图谱数据：[{"father_chapter":"1","id":"1.1","abstract":"发展概况","content":"描述公司主营业务定位、主要服务领域及行业布局。","sample":"{{sample}}","source":"毅昌科技：2024年半年度报告","status":"生效","importance":"不重要","updat...<截断 15 字符>', '...': '还有 1 个字段'}, 'timeout': '600GF'}
2026-04-22 15:52:07,095 | DEBUG | individu****view.agent.gf.stockGraph | 调用 GF 智能体: {'session': {'sessionName': '新对话', 'sessionType': 'agent', 'chatType': 'agent_chat_debug', 'agentId': '268742034726368', 'agentBatchId': '268742034725344'}, 'agent': {'botId': '268742034725344', 'userId': '268742034726368', 'conversationId': '268742078082176', 'urlVersion': 3.0, 'messages': '请基于个股研究框架与输入图谱数据进行评测，只输出一个 JSON 对象，字段仅包含 score 和 reason。\n输入图谱数据：[{"father_chapter":"1","id":"1.1","abstract":"发展概况","content":"说明公司的成立背景、行业地位及主要经营领域。","sample":"{{sample}}","source":"中芯国际：中芯国际2025年第三季度报告","status":"生效","importance":"不重要","u...<截断 15 字符>', '...': '还有 1 个字段'}}
2026-04-22 15:52:07,095 | DEBUG | individu****view.agent.runners.sse_runner | 发起请求: {'method': 'POST', 'url': 'https://pure.warrenq.com/nagent/cloudtest/chat/v2/agent/outside/sse/completions', 'headers': {'AuthCode': '****'}, 'json': {'botId': '268742034725344', 'userId': '268742034726368', 'conversationId': '268742078082176', 'urlVersion': 3.0, 'messages': '请基于个股研究框架与输入图谱数据进行评测，只输出一个 JSON 对象，字段仅包含 score 和 reason。\n输入图谱数据：[{"father_chapter":"1","id":"1.1","abstract":"发展概况","content":"说明公司的成立背景、行业地位及主要经营领域。","sample":"{{sample}}","source":"中芯国际：中芯国际2025年第三季度报告","status":"生效","importance":"不重要","u...<截断 15 字符>', '...': '还有 1 个字段'}, 'timeout': '600GF'}
2026-04-22 15:52:07,097 | ERROR | individu****view.agent.runners.sse_runner | 请求失败: {'method': 'POST', 'url': 'https://pure.warrenq.com/nagent/cloudtest/chat/v2/agent/outside/sse/completions', 'headers': {'AuthCode': '****'}, 'json': {'botId': '268742034725344', 'userId': '268742034726368', 'conversationId': '268742078082176', 'urlVersion': 3.0, 'messages': '请基于个股研究框架与输入图谱数据进行评测，只输出一个 JSON 对象，字段仅包含 score 和 reason。\n输入图谱数据：[{"father_chapter":"1","id":"1.1","abstract":"发展概况","content":"说明公司的成立背景、行业地位及主要经营领域。","sample":"{{sample}}","source":"中芯国际：中芯国际2025年第三季度报告","status":"生效","importance":"不重要","u...<截断 15 字符>', '...': '还有 1 个字段'}, 'timeout': None}
Traceback (most recent call last):
  File "/home/customTest/individu****view/agent/runners/sse_runner.py", line 160, in apiRequestAsync
    async with session.request(**request_params) as response:
               ~~~~~~~~~~~~~~~^^^^^^^^^^^^^^^^^^
  File "/home/customTest/miniconda3/lib/python3.13/site-packages/aiohttp/client.py", line 1521, in __aenter__
    self._resp: _RetType = await self._coro
                           ^^^^^^^^^^^^^^^^
  File "/home/customTest/miniconda3/lib/python3.13/site-packages/aiohttp/client.py", line 601, in _request
    handle = tm.start()
  File "/home/customTest/miniconda3/lib/python3.13/site-packages/aiohttp/helpers.py", line 611, in start
    if timeout is not None and timeout > 0:
                               ^^^^^^^^^^^
TypeError: '>' not supported between instances of 'str' and 'int'
2026-04-22 15:52:07,098 | WARNING | individu****view.agent.runners.sse_runner | 请求重试耗尽: {'method': 'POST', 'url': 'https://pure.warrenq.com/nagent/cloudtest/chat/v2/agent/outside/sse/completions', 'headers': {'AuthCode': '****'}, 'json': {'botId': '268742034725344', 'userId': '268742034726368', 'conversationId': '268742078082176', 'urlVersion': 3.0, 'messages': '请基于个股研究框架与输入图谱数据进行评测，只输出一个 JSON 对象，字段仅包含 score 和 reason。\n输入图谱数据：[{"father_chapter":"1","id":"1.1","abstract":"发展概况","content":"说明公司的成立背景、行业地位及主要经营领域。","sample":"{{sample}}","source":"中芯国际：中芯国际2025年第三季度报告","status":"生效","importance":"不重要","u...<截断 15 字符>', '...': '还有 1 个字段'}, 'timeout': '600GF'}
2026-04-22 15:52:10,101 | DEBUG | individu****view.agent.gf.stockGraph | 调用 GF 智能体: {'session': {'sessionName': '新对话', 'sessionType': 'agent', 'chatType': 'agent_chat_debug', 'agentId': '268742034726368', 'agentBatchId': '268742034725344'}, 'agent': {'botId': '268742034725344', 'userId': '268742034726368', 'conversationId': '268742078082176', 'urlVersion': 3.0, 'messages': '请基于个股研究框架与输入图谱数据进行评测，只输出一个 JSON 对象，字段仅包含 score 和 reason。\n输入图谱数据：[{"father_chapter":"1","id":"1.1","abstract":"发展概况","content":"描述公司主营业务定位、主要服务领域及行业布局。","sample":"{{sample}}","source":"毅昌科技：2024年半年度报告","status":"生效","importance":"不重要","updat...<截断 15 字符>', '...': '还有 1 个字段'}}
2026-04-22 15:52:10,101 | DEBUG | individu****view.agent.runners.sse_runner | 发起请求: {'method': 'POST', 'url': 'https://pure.warrenq.com/nagent/cloudtest/chat/v2/agent/outside/sse/completions', 'headers': {'AuthCode': '****'}, 'json': {'botId': '268742034725344', 'userId': '268742034726368', 'conversationId': '268742078082176', 'urlVersion': 3.0, 'messages': '请基于个股研究框架与输入图谱数据进行评测，只输出一个 JSON 对象，字段仅包含 score 和 reason。\n输入图谱数据：[{"father_chapter":"1","id":"1.1","abstract":"发展概况","content":"描述公司主营业务定位、主要服务领域及行业布局。","sample":"{{sample}}","source":"毅昌科技：2024年半年度报告","status":"生效","importance":"不重要","updat...<截断 15 字符>', '...': '还有 1 个字段'}, 'timeout': '600GF'}
2026-04-22 15:52:10,102 | ERROR | individu****view.agent.runners.sse_runner | 请求失败: {'method': 'POST', 'url': 'https://pure.warrenq.com/nagent/cloudtest/chat/v2/agent/outside/sse/completions', 'headers': {'AuthCode': '****'}, 'json': {'botId': '268742034725344', 'userId': '268742034726368', 'conversationId': '268742078082176', 'urlVersion': 3.0, 'messages': '请基于个股研究框架与输入图谱数据进行评测，只输出一个 JSON 对象，字段仅包含 score 和 reason。\n输入图谱数据：[{"father_chapter":"1","id":"1.1","abstract":"发展概况","content":"描述公司主营业务定位、主要服务领域及行业布局。","sample":"{{sample}}","source":"毅昌科技：2024年半年度报告","status":"生效","importance":"不重要","updat...<截断 15 字符>', '...': '还有 1 个字段'}, 'timeout': None}
Traceback (most recent call last):
  File "/home/customTest/individu****view/agent/runners/sse_runner.py", line 160, in apiRequestAsync
    async with session.request(**request_params) as response:
               ~~~~~~~~~~~~~~~^^^^^^^^^^^^^^^^^^
  File "/home/customTest/miniconda3/lib/python3.13/site-packages/aiohttp/client.py", line 1521, in __aenter__
    self._resp: _RetType = await self._coro
                           ^^^^^^^^^^^^^^^^
  File "/home/customTest/miniconda3/lib/python3.13/site-packages/aiohttp/client.py", line 601, in _request
    handle = tm.start()
  File "/home/customTest/miniconda3/lib/python3.13/site-packages/aiohttp/helpers.py", line 611, in start
    if timeout is not None and timeout > 0:
                               ^^^^^^^^^^^
TypeError: '>' not supported between instances of 'str' and 'int'
2026-04-22 15:52:10,105 | WARNING | individu****view.agent.runners.sse_runner | 请求重试耗尽: {'method': 'POST', 'url': 'https://pure.warrenq.com/nagent/cloudtest/chat/v2/agent/outside/sse/completions', 'headers': {'AuthCode': '****'}, 'json': {'botId': '268742034725344', 'userId': '268742034726368', 'conversationId': '268742078082176', 'urlVersion': 3.0, 'messages': '请基于个股研究框架与输入图谱数据进行评测，只输出一个 JSON 对象，字段仅包含 score 和 reason。\n输入图谱数据：[{"father_chapter":"1","id":"1.1","abstract":"发展概况","content":"描述公司主营业务定位、主要服务领域及行业布局。","sample":"{{sample}}","source":"毅昌科技：2024年半年度报告","status":"生效","importance":"不重要","updat...<截断 15 字符>', '...': '还有 1 个字段'}, 'timeout': '600GF'}
2026-04-22 15:52:13,104 | DEBUG | individu****view.agent.gf.stockGraph | 调用 GF 智能体: {'session': {'sessionName': '新对话', 'sessionType': 'agent', 'chatType': 'agent_chat_debug', 'agentId': '268742034726368', 'agentBatchId': '268742034725344'}, 'agent': {'botId': '268742034725344', 'userId': '268742034726368', 'conversationId': '268742078082176', 'urlVersion': 3.0, 'messages': '请基于个股研究框架与输入图谱数据进行评测，只输出一个 JSON 对象，字段仅包含 score 和 reason。\n输入图谱数据：[{"father_chapter":"1","id":"1.1","abstract":"发展概况","content":"说明公司的成立背景、行业地位及主要经营领域。","sample":"{{sample}}","source":"中芯国际：中芯国际2025年第三季度报告","status":"生效","importance":"不重要","u...<截断 15 字符>', '...': '还有 1 个字段'}}
2026-04-22 15:52:13,104 | DEBUG | individu****view.agent.runners.sse_runner | 发起请求: {'method': 'POST', 'url': 'https://pure.warrenq.com/nagent/cloudtest/chat/v2/agent/outside/sse/completions', 'headers': {'AuthCode': '****'}, 'json': {'botId': '268742034725344', 'userId': '268742034726368', 'conversationId': '268742078082176', 'urlVersion': 3.0, 'messages': '请基于个股研究框架与输入图谱数据进行评测，只输出一个 JSON 对象，字段仅包含 score 和 reason。\n输入图谱数据：[{"father_chapter":"1","id":"1.1","abstract":"发展概况","content":"说明公司的成立背景、行业地位及主要经营领域。","sample":"{{sample}}","source":"中芯国际：中芯国际2025年第三季度报告","status":"生效","importance":"不重要","u...<截断 15 字符>', '...': '还有 1 个字段'}, 'timeout': '600GF'}
2026-04-22 15:52:13,105 | ERROR | individu****view.agent.runners.sse_runner | 请求失败: {'method': 'POST', 'url': 'https://pure.warrenq.com/nagent/cloudtest/chat/v2/agent/outside/sse/completions', 'headers': {'AuthCode': '****'}, 'json': {'botId': '268742034725344', 'userId': '268742034726368', 'conversationId': '268742078082176', 'urlVersion': 3.0, 'messages': '请基于个股研究框架与输入图谱数据进行评测，只输出一个 JSON 对象，字段仅包含 score 和 reason。\n输入图谱数据：[{"father_chapter":"1","id":"1.1","abstract":"发展概况","content":"说明公司的成立背景、行业地位及主要经营领域。","sample":"{{sample}}","source":"中芯国际：中芯国际2025年第三季度报告","status":"生效","importance":"不重要","u...<截断 15 字符>', '...': '还有 1 个字段'}, 'timeout': None}
Traceback (most recent call last):
  File "/home/customTest/individu****view/agent/runners/sse_runner.py", line 160, in apiRequestAsync
    async with session.request(**request_params) as response:
               ~~~~~~~~~~~~~~~^^^^^^^^^^^^^^^^^^
  File "/home/customTest/miniconda3/lib/python3.13/site-packages/aiohttp/client.py", line 1521, in __aenter__
    self._resp: _RetType = await self._coro
                           ^^^^^^^^^^^^^^^^
  File "/home/customTest/miniconda3/lib/python3.13/site-packages/aiohttp/client.py", line 601, in _request
    handle = tm.start()
  File "/home/customTest/miniconda3/lib/python3.13/site-packages/aiohttp/helpers.py", line 611, in start
    if timeout is not None and timeout > 0:
                               ^^^^^^^^^^^
TypeError: '>' not supported between instances of 'str' and 'int'
2026-04-22 15:52:13,107 | WARNING | individu****view.agent.runners.sse_runner | 请求重试耗尽: {'method': 'POST', 'url': 'https://pure.warrenq.com/nagent/cloudtest/chat/v2/agent/outside/sse/completions', 'headers': {'AuthCode': '****'}, 'json': {'botId': '268742034725344', 'userId': '268742034726368', 'conversationId': '268742078082176', 'urlVersion': 3.0, 'messages': '请基于个股研究框架与输入图谱数据进行评测，只输出一个 JSON 对象，字段仅包含 score 和 reason。\n输入图谱数据：[{"father_chapter":"1","id":"1.1","abstract":"发展概况","content":"说明公司的成立背景、行业地位及主要经营领域。","sample":"{{sample}}","source":"中芯国际：中芯国际2025年第三季度报告","status":"生效","importance":"不重要","u...<截断 15 字符>', '...': '还有 1 个字段'}, 'timeout': '600GF'}
2026-04-22 15:52:16,108 | DEBUG | individu****view.agent.gf.stockGraph | 调用 GF 智能体: {'session': {'sessionName': '新对话', 'sessionType': 'agent', 'chatType': 'agent_chat_debug', 'agentId': '268742034726368', 'agentBatchId': '268742034725344'}, 'agent': {'botId': '268742034725344', 'userId': '268742034726368', 'conversationId': '268742078082176', 'urlVersion': 3.0, 'messages': '请基于个股研究框架与输入图谱数据进行评测，只输出一个 JSON 对象，字段仅包含 score 和 reason。\n输入图谱数据：[{"father_chapter":"1","id":"1.1","abstract":"发展概况","content":"描述公司主营业务定位、主要服务领域及行业布局。","sample":"{{sample}}","source":"毅昌科技：2024年半年度报告","status":"生效","importance":"不重要","updat...<截断 15 字符>', '...': '还有 1 个字段'}}
2026-04-22 15:52:16,109 | DEBUG | individu****view.agent.runners.sse_runner | 发起请求: {'method': 'POST', 'url': 'https://pure.warrenq.com/nagent/cloudtest/chat/v2/agent/outside/sse/completions', 'headers': {'AuthCode': '****'}, 'json': {'botId': '268742034725344', 'userId': '268742034726368', 'conversationId': '268742078082176', 'urlVersion': 3.0, 'messages': '请基于个股研究框架与输入图谱数据进行评测，只输出一个 JSON 对象，字段仅包含 score 和 reason。\n输入图谱数据：[{"father_chapter":"1","id":"1.1","abstract":"发展概况","content":"描述公司主营业务定位、主要服务领域及行业布局。","sample":"{{sample}}","source":"毅昌科技：2024年半年度报告","status":"生效","importance":"不重要","updat...<截断 15 字符>', '...': '还有 1 个字段'}, 'timeout': '600GF'}
2026-04-22 15:52:16,110 | ERROR | individu****view.agent.runners.sse_runner | 请求失败: {'method': 'POST', 'url': 'https://pure.warrenq.com/nagent/cloudtest/chat/v2/agent/outside/sse/completions', 'headers': {'AuthCode': '****'}, 'json': {'botId': '268742034725344', 'userId': '268742034726368', 'conversationId': '268742078082176', 'urlVersion': 3.0, 'messages': '请基于个股研究框架与输入图谱数据进行评测，只输出一个 JSON 对象，字段仅包含 score 和 reason。\n输入图谱数据：[{"father_chapter":"1","id":"1.1","abstract":"发展概况","content":"描述公司主营业务定位、主要服务领域及行业布局。","sample":"{{sample}}","source":"毅昌科技：2024年半年度报告","status":"生效","importance":"不重要","updat...<截断 15 字符>', '...': '还有 1 个字段'}, 'timeout': None}
Traceback (most recent call last):
  File "/home/customTest/individu****view/agent/runners/sse_runner.py", line 160, in apiRequestAsync
    async with session.request(**request_params) as response:
               ~~~~~~~~~~~~~~~^^^^^^^^^^^^^^^^^^
  File "/home/customTest/miniconda3/lib/python3.13/site-packages/aiohttp/client.py", line 1521, in __aenter__
    self._resp: _RetType = await self._coro
                           ^^^^^^^^^^^^^^^^
  File "/home/customTest/miniconda3/lib/python3.13/site-packages/aiohttp/client.py", line 601, in _request
    handle = tm.start()
  File "/home/customTest/miniconda3/lib/python3.13/site-packages/aiohttp/helpers.py", line 611, in start
    if timeout is not None and timeout > 0:
                               ^^^^^^^^^^^
TypeError: '>' not supported between instances of 'str' and 'int'
2026-04-22 15:52:16,112 | WARNING | individu****view.agent.runners.sse_runner | 请求重试耗尽: {'method': 'POST', 'url': 'https://pure.warrenq.com/nagent/cloudtest/chat/v2/agent/outside/sse/completions', 'headers': {'AuthCode': '****'}, 'json': {'botId': '268742034725344', 'userId': '268742034726368', 'conversationId': '268742078082176', 'urlVersion': 3.0, 'messages': '请基于个股研究框架与输入图谱数据进行评测，只输出一个 JSON 对象，字段仅包含 score 和 reason。\n输入图谱数据：[{"father_chapter":"1","id":"1.1","abstract":"发展概况","content":"描述公司主营业务定位、主要服务领域及行业布局。","sample":"{{sample}}","source":"毅昌科技：2024年半年度报告","status":"生效","importance":"不重要","updat...<截断 15 字符>', '...': '还有 1 个字段'}, 'timeout': '600GF'}
2026-04-22 15:52:16,112 | WARNING | individu****view.agent.runners.sse_runner | 请求重试耗尽: {'method': None, 'url': None, 'headers': None, 'json': None, 'timeout': None}
2026-04-22 15:52:19,112 | DEBUG | individu****view.agent.gf.stockGraph | 调用 GF 智能体: {'session': {'sessionName': '新对话', 'sessionType': 'agent', 'chatType': 'agent_chat_debug', 'agentId': '268742034726368', 'agentBatchId': '268742034725344'}, 'agent': {'botId': '268742034725344', 'userId': '268742034726368', 'conversationId': '268742078082176', 'urlVersion': 3.0, 'messages': '请基于个股研究框架与输入图谱数据进行评测，只输出一个 JSON 对象，字段仅包含 score 和 reason。\n输入图谱数据：[{"father_chapter":"1","id":"1.1","abstract":"发展概况","content":"说明公司的成立背景、行业地位及主要经营领域。","sample":"{{sample}}","source":"中芯国际：中芯国际2025年第三季度报告","status":"生效","importance":"不重要","u...<截断 15 字符>', '...': '还有 1 个字段'}}
2026-04-22 15:52:19,112 | DEBUG | individu****view.agent.runners.sse_runner | 发起请求: {'method': 'POST', 'url': 'https://pure.warrenq.com/nagent/cloudtest/chat/v2/agent/outside/sse/completions', 'headers': {'AuthCode': '****'}, 'json': {'botId': '268742034725344', 'userId': '268742034726368', 'conversationId': '268742078082176', 'urlVersion': 3.0, 'messages': '请基于个股研究框架与输入图谱数据进行评测，只输出一个 JSON 对象，字段仅包含 score 和 reason。\n输入图谱数据：[{"father_chapter":"1","id":"1.1","abstract":"发展概况","content":"说明公司的成立背景、行业地位及主要经营领域。","sample":"{{sample}}","source":"中芯国际：中芯国际2025年第三季度报告","status":"生效","importance":"不重要","u...<截断 15 字符>', '...': '还有 1 个字段'}, 'timeout': '600GF'}
2026-04-22 15:52:19,114 | ERROR | individu****view.agent.runners.sse_runner | 请求失败: {'method': 'POST', 'url': 'https://pure.warrenq.com/nagent/cloudtest/chat/v2/agent/outside/sse/completions', 'headers': {'AuthCode': '****'}, 'json': {'botId': '268742034725344', 'userId': '268742034726368', 'conversationId': '268742078082176', 'urlVersion': 3.0, 'messages': '请基于个股研究框架与输入图谱数据进行评测，只输出一个 JSON 对象，字段仅包含 score 和 reason。\n输入图谱数据：[{"father_chapter":"1","id":"1.1","abstract":"发展概况","content":"说明公司的成立背景、行业地位及主要经营领域。","sample":"{{sample}}","source":"中芯国际：中芯国际2025年第三季度报告","status":"生效","importance":"不重要","u...<截断 15 字符>', '...': '还有 1 个字段'}, 'timeout': None}
Traceback (most recent call last):
  File "/home/customTest/individu****view/agent/runners/sse_runner.py", line 160, in apiRequestAsync
    async with session.request(**request_params) as response:
               ~~~~~~~~~~~~~~~^^^^^^^^^^^^^^^^^^
  File "/home/customTest/miniconda3/lib/python3.13/site-packages/aiohttp/client.py", line 1521, in __aenter__
    self._resp: _RetType = await self._coro
                           ^^^^^^^^^^^^^^^^
  File "/home/customTest/miniconda3/lib/python3.13/site-packages/aiohttp/client.py", line 601, in _request
    handle = tm.start()
  File "/home/customTest/miniconda3/lib/python3.13/site-packages/aiohttp/helpers.py", line 611, in start
    if timeout is not None and timeout > 0:
                               ^^^^^^^^^^^
TypeError: '>' not supported between instances of 'str' and 'int'
2026-04-22 15:52:19,115 | WARNING | individu****view.agent.runners.sse_runner | 请求重试耗尽: {'method': 'POST', 'url': 'https://pure.warrenq.com/nagent/cloudtest/chat/v2/agent/outside/sse/completions', 'headers': {'AuthCode': '****'}, 'json': {'botId': '268742034725344', 'userId': '268742034726368', 'conversationId': '268742078082176', 'urlVersion': 3.0, 'messages': '请基于个股研究框架与输入图谱数据进行评测，只输出一个 JSON 对象，字段仅包含 score 和 reason。\n输入图谱数据：[{"father_chapter":"1","id":"1.1","abstract":"发展概况","content":"说明公司的成立背景、行业地位及主要经营领域。","sample":"{{sample}}","source":"中芯国际：中芯国际2025年第三季度报告","status":"生效","importance":"不重要","u...<截断 15 字符>', '...': '还有 1 个字段'}, 'timeout': '600GF'}
2026-04-22 15:52:19,115 | WARNING | individu****view.agent.runners.sse_runner | 请求重试耗尽: {'method': None, 'url': None, 'headers': None, 'json': None, 'timeout': None}
2026-04-22 15:52:19,208 | INFO | individu****view.pipelines.stock_graph_eval | stockGraph 评测完成，结果条数=2
2026-04-22 15:53:09,305 | DEBUG | individu****view.agent.providers.gf_platform | 构建 GF 智能体: agent_key=stockGraph session_key=gfGetSession
2026-04-22 15:53:09,334 | DEBUG | individu****view.agent.gf.stockGraph | 调用 GF 智能体: {'session': {'sessionName': '新对话', 'sessionType': 'agent', 'chatType': 'agent_chat_debug', 'agentId': '268742034726368', 'agentBatchId': '268742034725344'}, 'agent': {'botId': '268742034725344', 'userId': '268742034726368', 'conversationId': '268742078082176', 'urlVersion': 3.0, 'messages': '请基于个股研究框架与输入图谱数据进行评测，只输出一个 JSON 对象，字段仅包含 score 和 reason。\n输入图谱数据：[{"father_chapter":"1","id":"1.1","abstract":"发展概况","content":"描述公司主营业务定位、主要服务领域及行业布局。","sample":"{{sample}}","source":"毅昌科技：2024年半年度报告","status":"生效","importance":"不重要","updat...<截断 15 字符>', '...': '还有 1 个字段'}}
2026-04-22 15:53:09,334 | DEBUG | individu****view.agent.runners.sse_runner | 发起请求: {'method': 'POST', 'url': 'https://pure.warrenq.com/nagent/cloudtest/chat/v2/agent/outside/sse/completions', 'headers': {'AuthCode': '****'}, 'json': {'botId': '268742034725344', 'userId': '268742034726368', 'conversationId': '268742078082176', 'urlVersion': 3.0, 'messages': '请基于个股研究框架与输入图谱数据进行评测，只输出一个 JSON 对象，字段仅包含 score 和 reason。\n输入图谱数据：[{"father_chapter":"1","id":"1.1","abstract":"发展概况","content":"描述公司主营业务定位、主要服务领域及行业布局。","sample":"{{sample}}","source":"毅昌科技：2024年半年度报告","status":"生效","importance":"不重要","updat...<截断 15 字符>', '...': '还有 1 个字段'}, 'timeout': 600}
2026-04-22 15:53:10,719 | DEBUG | individu****view.agent.runners.sse_runner | HTTP POST https://pure.warrenq.com/nagent/cloudtest/chat/v2/agent/outside/sse/completions -> 200 (1.38s)
2026-04-22 15:53:12,336 | DEBUG | individu****view.agent.gf.stockGraph | 调用 GF 智能体: {'session': {'sessionName': '新对话', 'sessionType': 'agent', 'chatType': 'agent_chat_debug', 'agentId': '268742034726368', 'agentBatchId': '268742034725344'}, 'agent': {'botId': '268742034725344', 'userId': '268742034726368', 'conversationId': '268742078082176', 'urlVersion': 3.0, 'messages': '请基于个股研究框架与输入图谱数据进行评测，只输出一个 JSON 对象，字段仅包含 score 和 reason。\n输入图谱数据：[{"father_chapter":"1","id":"1.1","abstract":"发展概况","content":"说明公司的成立背景、行业地位及主要经营领域。","sample":"{{sample}}","source":"中芯国际：中芯国际2025年第三季度报告","status":"生效","importance":"不重要","u...<截断 15 字符>', '...': '还有 1 个字段'}}
2026-04-22 15:53:12,337 | DEBUG | individu****view.agent.runners.sse_runner | 发起请求: {'method': 'POST', 'url': 'https://pure.warrenq.com/nagent/cloudtest/chat/v2/agent/outside/sse/completions', 'headers': {'AuthCode': '****'}, 'json': {'botId': '268742034725344', 'userId': '268742034726368', 'conversationId': '268742078082176', 'urlVersion': 3.0, 'messages': '请基于个股研究框架与输入图谱数据进行评测，只输出一个 JSON 对象，字段仅包含 score 和 reason。\n输入图谱数据：[{"father_chapter":"1","id":"1.1","abstract":"发展概况","content":"说明公司的成立背景、行业地位及主要经营领域。","sample":"{{sample}}","source":"中芯国际：中芯国际2025年第三季度报告","status":"生效","importance":"不重要","u...<截断 15 字符>', '...': '还有 1 个字段'}, 'timeout': 600}
2026-04-22 15:53:12,884 | DEBUG | individu****view.agent.runners.sse_runner | HTTP POST https://pure.warrenq.com/nagent/cloudtest/chat/v2/agent/outside/sse/completions -> 200 (0.55s)
2026-04-22 15:53:49,343 | INFO | individu****view.pipelines.stock_graph_eval | stockGraph 评测完成，结果条数=2
2026-04-22 15:56:55,815 | DEBUG | individu****view.agent.providers.gf_platform | 构建 GF 智能体: agent_key=stockGraph session_key=gfGetSession
2026-04-22 15:56:55,841 | DEBUG | individu****view.agent.gf.stockGraph | 调用 GF 智能体: {'session': {'sessionName': '新对话', 'sessionType': 'agent', 'chatType': 'agent_chat_debug', 'agentId': '268742034726368', 'agentBatchId': '268742034725344'}, 'agent': {'botId': '268742034725344', 'userId': '268742034726368', 'conversationId': '268742078082176', 'urlVersion': 3.0, 'messages': '请基于个股研究框架与输入图谱数据进行评测，只输出一个 JSON 对象，字段仅包含 score 和 reason。\n输入图谱数据：[{"father_chapter":"1","id":"1.1","abstract":"发展概况","content":"描述公司主营业务定位、主要服务领域及行业布局。","sample":"{{sample}}","source":"毅昌科技：2024年半年度报告","status":"生效","importance":"不重要","updat...<截断 15 字符>', '...': '还有 1 个字段'}}
2026-04-22 15:56:55,841 | DEBUG | individu****view.agent.runners.sse_runner | 发起请求: {'method': 'POST', 'url': 'https://pure.warrenq.com/nagent/cloudtest/chat/v2/agent/outside/sse/completions', 'headers': {'AuthCode': '****'}, 'json': {'botId': '268742034725344', 'userId': '268742034726368', 'conversationId': '268742078082176', 'urlVersion': 3.0, 'messages': '请基于个股研究框架与输入图谱数据进行评测，只输出一个 JSON 对象，字段仅包含 score 和 reason。\n输入图谱数据：[{"father_chapter":"1","id":"1.1","abstract":"发展概况","content":"描述公司主营业务定位、主要服务领域及行业布局。","sample":"{{sample}}","source":"毅昌科技：2024年半年度报告","status":"生效","importance":"不重要","updat...<截断 15 字符>', '...': '还有 1 个字段'}, 'timeout': 600}
2026-04-22 15:56:56,787 | DEBUG | individu****view.agent.runners.sse_runner | HTTP POST https://pure.warrenq.com/nagent/cloudtest/chat/v2/agent/outside/sse/completions -> 200 (0.95s)
2026-04-22 15:56:58,844 | DEBUG | individu****view.agent.gf.stockGraph | 调用 GF 智能体: {'session': {'sessionName': '新对话', 'sessionType': 'agent', 'chatType': 'agent_chat_debug', 'agentId': '268742034726368', 'agentBatchId': '268742034725344'}, 'agent': {'botId': '268742034725344', 'userId': '268742034726368', 'conversationId': '268742078082176', 'urlVersion': 3.0, 'messages': '请基于个股研究框架与输入图谱数据进行评测，只输出一个 JSON 对象，字段仅包含 score 和 reason。\n输入图谱数据：[{"father_chapter":"1","id":"1.1","abstract":"发展概况","content":"说明公司的成立背景、行业地位及主要经营领域。","sample":"{{sample}}","source":"中芯国际：中芯国际2025年第三季度报告","status":"生效","importance":"不重要","u...<截断 15 字符>', '...': '还有 1 个字段'}}
2026-04-22 15:56:58,844 | DEBUG | individu****view.agent.runners.sse_runner | 发起请求: {'method': 'POST', 'url': 'https://pure.warrenq.com/nagent/cloudtest/chat/v2/agent/outside/sse/completions', 'headers': {'AuthCode': '****'}, 'json': {'botId': '268742034725344', 'userId': '268742034726368', 'conversationId': '268742078082176', 'urlVersion': 3.0, 'messages': '请基于个股研究框架与输入图谱数据进行评测，只输出一个 JSON 对象，字段仅包含 score 和 reason。\n输入图谱数据：[{"father_chapter":"1","id":"1.1","abstract":"发展概况","content":"说明公司的成立背景、行业地位及主要经营领域。","sample":"{{sample}}","source":"中芯国际：中芯国际2025年第三季度报告","status":"生效","importance":"不重要","u...<截断 15 字符>', '...': '还有 1 个字段'}, 'timeout': 600}
2026-04-22 15:56:59,354 | DEBUG | individu****view.agent.runners.sse_runner | HTTP POST https://pure.warrenq.com/nagent/cloudtest/chat/v2/agent/outside/sse/completions -> 200 (0.51s)
2026-04-22 16:00:29,708 | INFO | individu****view.pipelines.stock_graph_eval | stockGraph 评测完成，结果条数=2
2026-04-22 16:05:45,180 | DEBUG | individu****view.agent.providers.gf_platform | 构建 GF 智能体: agent_key=stockGraph session_key=gfGetSession
2026-04-22 16:05:45,202 | DEBUG | individu****view.agent.runners.sse_runner | 发起请求: {'method': 'POST', 'url': 'https://irmp-cot-uat.gf.com.cn/cloudapi/chat/v2/chat/addChatSession', 'headers': {'Authorization': '****', 'Content-Type': 'application/json'}, 'json': {'sessionName': '新对话', 'sessionType': 'agent', 'chatType': 'agent_chat_debug', 'agentId': '268742034726368', 'agentBatchId': '268742034725344'}, 'timeout': None}
2026-04-22 16:05:45,278 | ERROR | individu****view.agent.runners.sse_runner | 请求失败: {'method': 'POST', 'url': 'https://irmp-cot-uat.gf.com.cn/cloudapi/chat/v2/chat/addChatSession', 'headers': {'Authorization': '****', 'Content-Type': 'application/json'}, 'json': {'sessionName': '新对话', 'sessionType': 'agent', 'chatType': 'agent_chat_debug', 'agentId': '268742034726368', 'agentBatchId': '268742034725344'}, 'timeout': None}
Traceback (most recent call last):
  File "/home/customTest/miniconda3/lib/python3.13/site-packages/aiohttp/connector.py", line 1574, in _create_****tion
    hosts = await self._resolve_host(host, port, traces=traces)
            ^^^^^^^^^^^^^^^^^^^^^^^^^^^^^^^^^^^^^^^^^^^^^^^^^^^
  File "/home/customTest/miniconda3/lib/python3.13/site-packages/aiohttp/connector.py", line 1190, in _resolve_host
    return await asyncio.shield(resolved_host_task)
           ^^^^^^^^^^^^^^^^^^^^^^^^^^^^^^^^^^^^^^^^
  File "/home/customTest/miniconda3/lib/python3.13/site-packages/aiohttp/connector.py", line 1221, in _resolve****ttle
    addrs = await self._resolver.resolve(host, port, family=self._family)
            ^^^^^^^^^^^^^^^^^^^^^^^^^^^^^^^^^^^^^^^^^^^^^^^^^^^^^^^^^^^^^
  File "/home/customTest/miniconda3/lib/python3.13/site-packages/aiohttp/resolver.py", line 40, in resolve
    infos = await self._loop.getaddrinfo(
            ^^^^^^^^^^^^^^^^^^^^^^^^^^^^^
    ...<5 lines>...
    )
    ^
  File "/home/customTest/miniconda3/lib/python3.13/asyncio/base_events.py", line 939, in getaddrinfo
    return await self.run_in_executor(
           ^^^^^^^^^^^^^^^^^^^^^^^^^^^
        None, getaddr_func, host, port, family, type, proto, flags)
        ^^^^^^^^^^^^^^^^^^^^^^^^^^^^^^^^^^^^^^^^^^^^^^^^^^^^^^^^^^^
  File "/home/customTest/miniconda3/lib/python3.13/concurrent/futures/thread.py", line 59, in run
    result = self.fn(*self.args, **self.kwargs)
  File "/home/customTest/miniconda3/lib/python3.13/socket.py", line 977, in getaddrinfo
    for res in _socket.getaddrinfo(host, port, family, type, proto, flags):
               ~~~~~~~~~~~~~~~~~~~^^^^^^^^^^^^^^^^^^^^^^^^^^^^^^^^^^^^^^^^
socket.gaierror: [Errno -2] Name or service not known

The above exception was the direct cause of the following exception:

Traceback (most recent call last):
  File "/home/customTest/individu****view/agent/runners/sse_runner.py", line 160, in apiRequestAsync
    async with session.request(**request_params) as response:
               ~~~~~~~~~~~~~~~^^^^^^^^^^^^^^^^^^
  File "/home/customTest/miniconda3/lib/python3.13/site-packages/aiohttp/client.py", line 1521, in __aenter__
    self._resp: _RetType = await self._coro
                           ^^^^^^^^^^^^^^^^
  File "/home/customTest/miniconda3/lib/python3.13/site-packages/aiohttp/client.py", line 788, in _request
    resp = await handler(req)
           ^^^^^^^^^^^^^^^^^^
  File "/home/customTest/miniconda3/lib/python3.13/site-packages/aiohttp/client.py", line 742, in _connect****uest
    conn = await self._connector.connect(
           ^^^^^^^^^^^^^^^^^^^^^^^^^^^^^^
        req, traces=traces, timeout=real_timeout
        ^^^^^^^^^^^^^^^^^^^^^^^^^^^^^^^^^^^^^^^^
    )
    ^
  File "/home/customTest/miniconda3/lib/python3.13/site-packages/aiohttp/connector.py", line 672, in connect
    proto = await self._create_connection(req, traces, timeout)
            ^^^^^^^^^^^^^^^^^^^^^^^^^^^^^^^^^^^^^^^^^^^^^^^^^^^
  File "/home/customTest/miniconda3/lib/python3.13/site-packages/aiohttp/connector.py", line 1251, in _create_connection
    _, proto = await self._create_****tion(req, traces, timeout)
               ^^^^^^^^^^^^^^^^^^^^^^^^^^^^^^^^^^^^^^^^^^^^^^^^^^^^^^^^^^
  File "/home/customTest/miniconda3/lib/python3.13/site-packages/aiohttp/connector.py", line 1580, in _create_****tion
    raise ClientCo****rror(req.connection_key, exc) from exc
aiohttp.client_exceptions.ClientCo****rror: Cannot connect to host irmp-cot-uat.gf.com.cn:443 ssl:default [Name or service not known]
2026-04-22 16:05:45,283 | INFO | individu****view.agent.runners.sse_runner | 请求重试 2/3
2026-04-22 16:05:45,328 | ERROR | individu****view.agent.runners.sse_runner | 请求失败: {'method': 'POST', 'url': 'https://irmp-cot-uat.gf.com.cn/cloudapi/chat/v2/chat/addChatSession', 'headers': {'Authorization': '****', 'Content-Type': 'application/json'}, 'json': {'sessionName': '新对话', 'sessionType': 'agent', 'chatType': 'agent_chat_debug', 'agentId': '268742034726368', 'agentBatchId': '268742034725344'}, 'timeout': None}
Traceback (most recent call last):
  File "/home/customTest/miniconda3/lib/python3.13/site-packages/aiohttp/connector.py", line 1574, in _create_****tion
    hosts = await self._resolve_host(host, port, traces=traces)
            ^^^^^^^^^^^^^^^^^^^^^^^^^^^^^^^^^^^^^^^^^^^^^^^^^^^
  File "/home/customTest/miniconda3/lib/python3.13/site-packages/aiohttp/connector.py", line 1190, in _resolve_host
    return await asyncio.shield(resolved_host_task)
           ^^^^^^^^^^^^^^^^^^^^^^^^^^^^^^^^^^^^^^^^
  File "/home/customTest/miniconda3/lib/python3.13/site-packages/aiohttp/connector.py", line 1221, in _resolve****ttle
    addrs = await self._resolver.resolve(host, port, family=self._family)
            ^^^^^^^^^^^^^^^^^^^^^^^^^^^^^^^^^^^^^^^^^^^^^^^^^^^^^^^^^^^^^
  File "/home/customTest/miniconda3/lib/python3.13/site-packages/aiohttp/resolver.py", line 40, in resolve
    infos = await self._loop.getaddrinfo(
            ^^^^^^^^^^^^^^^^^^^^^^^^^^^^^
    ...<5 lines>...
    )
    ^
  File "/home/customTest/miniconda3/lib/python3.13/asyncio/base_events.py", line 939, in getaddrinfo
    return await self.run_in_executor(
           ^^^^^^^^^^^^^^^^^^^^^^^^^^^
        None, getaddr_func, host, port, family, type, proto, flags)
        ^^^^^^^^^^^^^^^^^^^^^^^^^^^^^^^^^^^^^^^^^^^^^^^^^^^^^^^^^^^
  File "/home/customTest/miniconda3/lib/python3.13/concurrent/futures/thread.py", line 59, in run
    result = self.fn(*self.args, **self.kwargs)
  File "/home/customTest/miniconda3/lib/python3.13/socket.py", line 977, in getaddrinfo
    for res in _socket.getaddrinfo(host, port, family, type, proto, flags):
               ~~~~~~~~~~~~~~~~~~~^^^^^^^^^^^^^^^^^^^^^^^^^^^^^^^^^^^^^^^^
socket.gaierror: [Errno -2] Name or service not known

The above exception was the direct cause of the following exception:

Traceback (most recent call last):
  File "/home/customTest/individu****view/agent/runners/sse_runner.py", line 160, in apiRequestAsync
    async with session.request(**request_params) as response:
               ~~~~~~~~~~~~~~~^^^^^^^^^^^^^^^^^^
  File "/home/customTest/miniconda3/lib/python3.13/site-packages/aiohttp/client.py", line 1521, in __aenter__
    self._resp: _RetType = await self._coro
                           ^^^^^^^^^^^^^^^^
  File "/home/customTest/miniconda3/lib/python3.13/site-packages/aiohttp/client.py", line 788, in _request
    resp = await handler(req)
           ^^^^^^^^^^^^^^^^^^
  File "/home/customTest/miniconda3/lib/python3.13/site-packages/aiohttp/client.py", line 742, in _connect****uest
    conn = await self._connector.connect(
           ^^^^^^^^^^^^^^^^^^^^^^^^^^^^^^
        req, traces=traces, timeout=real_timeout
        ^^^^^^^^^^^^^^^^^^^^^^^^^^^^^^^^^^^^^^^^
    )
    ^
  File "/home/customTest/miniconda3/lib/python3.13/site-packages/aiohttp/connector.py", line 672, in connect
    proto = await self._create_connection(req, traces, timeout)
            ^^^^^^^^^^^^^^^^^^^^^^^^^^^^^^^^^^^^^^^^^^^^^^^^^^^
  File "/home/customTest/miniconda3/lib/python3.13/site-packages/aiohttp/connector.py", line 1251, in _create_connection
    _, proto = await self._create_****tion(req, traces, timeout)
               ^^^^^^^^^^^^^^^^^^^^^^^^^^^^^^^^^^^^^^^^^^^^^^^^^^^^^^^^^^
  File "/home/customTest/miniconda3/lib/python3.13/site-packages/aiohttp/connector.py", line 1580, in _create_****tion
    raise ClientCo****rror(req.connection_key, exc) from exc
aiohttp.client_exceptions.ClientCo****rror: Cannot connect to host irmp-cot-uat.gf.com.cn:443 ssl:default [Name or service not known]
2026-04-22 16:05:45,331 | INFO | individu****view.agent.runners.sse_runner | 请求重试 3/3
2026-04-22 16:05:45,340 | ERROR | individu****view.agent.runners.sse_runner | 请求失败: {'method': 'POST', 'url': 'https://irmp-cot-uat.gf.com.cn/cloudapi/chat/v2/chat/addChatSession', 'headers': {'Authorization': '****', 'Content-Type': 'application/json'}, 'json': {'sessionName': '新对话', 'sessionType': 'agent', 'chatType': 'agent_chat_debug', 'agentId': '268742034726368', 'agentBatchId': '268742034725344'}, 'timeout': None}
Traceback (most recent call last):
  File "/home/customTest/miniconda3/lib/python3.13/site-packages/aiohttp/connector.py", line 1574, in _create_****tion
    hosts = await self._resolve_host(host, port, traces=traces)
            ^^^^^^^^^^^^^^^^^^^^^^^^^^^^^^^^^^^^^^^^^^^^^^^^^^^
  File "/home/customTest/miniconda3/lib/python3.13/site-packages/aiohttp/connector.py", line 1190, in _resolve_host
    return await asyncio.shield(resolved_host_task)
           ^^^^^^^^^^^^^^^^^^^^^^^^^^^^^^^^^^^^^^^^
  File "/home/customTest/miniconda3/lib/python3.13/site-packages/aiohttp/connector.py", line 1221, in _resolve****ttle
    addrs = await self._resolver.resolve(host, port, family=self._family)
            ^^^^^^^^^^^^^^^^^^^^^^^^^^^^^^^^^^^^^^^^^^^^^^^^^^^^^^^^^^^^^
  File "/home/customTest/miniconda3/lib/python3.13/site-packages/aiohttp/resolver.py", line 40, in resolve
    infos = await self._loop.getaddrinfo(
            ^^^^^^^^^^^^^^^^^^^^^^^^^^^^^
    ...<5 lines>...
    )
    ^
  File "/home/customTest/miniconda3/lib/python3.13/asyncio/base_events.py", line 939, in getaddrinfo
    return await self.run_in_executor(
           ^^^^^^^^^^^^^^^^^^^^^^^^^^^
        None, getaddr_func, host, port, family, type, proto, flags)
        ^^^^^^^^^^^^^^^^^^^^^^^^^^^^^^^^^^^^^^^^^^^^^^^^^^^^^^^^^^^
  File "/home/customTest/miniconda3/lib/python3.13/concurrent/futures/thread.py", line 59, in run
    result = self.fn(*self.args, **self.kwargs)
  File "/home/customTest/miniconda3/lib/python3.13/socket.py", line 977, in getaddrinfo
    for res in _socket.getaddrinfo(host, port, family, type, proto, flags):
               ~~~~~~~~~~~~~~~~~~~^^^^^^^^^^^^^^^^^^^^^^^^^^^^^^^^^^^^^^^^
socket.gaierror: [Errno -2] Name or service not known

The above exception was the direct cause of the following exception:

Traceback (most recent call last):
  File "/home/customTest/individu****view/agent/runners/sse_runner.py", line 160, in apiRequestAsync
    async with session.request(**request_params) as response:
               ~~~~~~~~~~~~~~~^^^^^^^^^^^^^^^^^^
  File "/home/customTest/miniconda3/lib/python3.13/site-packages/aiohttp/client.py", line 1521, in __aenter__
    self._resp: _RetType = await self._coro
                           ^^^^^^^^^^^^^^^^
  File "/home/customTest/miniconda3/lib/python3.13/site-packages/aiohttp/client.py", line 788, in _request
    resp = await handler(req)
           ^^^^^^^^^^^^^^^^^^
  File "/home/customTest/miniconda3/lib/python3.13/site-packages/aiohttp/client.py", line 742, in _connect****uest
    conn = await self._connector.connect(
           ^^^^^^^^^^^^^^^^^^^^^^^^^^^^^^
        req, traces=traces, timeout=real_timeout
        ^^^^^^^^^^^^^^^^^^^^^^^^^^^^^^^^^^^^^^^^
    )
    ^
  File "/home/customTest/miniconda3/lib/python3.13/site-packages/aiohttp/connector.py", line 672, in connect
    proto = await self._create_connection(req, traces, timeout)
            ^^^^^^^^^^^^^^^^^^^^^^^^^^^^^^^^^^^^^^^^^^^^^^^^^^^
  File "/home/customTest/miniconda3/lib/python3.13/site-packages/aiohttp/connector.py", line 1251, in _create_connection
    _, proto = await self._create_****tion(req, traces, timeout)
               ^^^^^^^^^^^^^^^^^^^^^^^^^^^^^^^^^^^^^^^^^^^^^^^^^^^^^^^^^^
  File "/home/customTest/miniconda3/lib/python3.13/site-packages/aiohttp/connector.py", line 1580, in _create_****tion
    raise ClientCo****rror(req.connection_key, exc) from exc
aiohttp.client_exceptions.ClientCo****rror: Cannot connect to host irmp-cot-uat.gf.com.cn:443 ssl:default [Name or service not known]
2026-04-22 16:05:45,343 | WARNING | individu****view.agent.runners.sse_runner | 请求重试耗尽: {'method': 'POST', 'url': 'https://irmp-cot-uat.gf.com.cn/cloudapi/chat/v2/chat/addChatSession', 'headers': {'Authorization': '****', 'Content-Type': 'application/json'}, 'json': {'sessionName': '新对话', 'sessionType': 'agent', 'chatType': 'agent_chat_debug', 'agentId': '268742034726368', 'agentBatchId': '268742034725344'}, 'timeout': None}
2026-04-22 16:05:48,205 | DEBUG | individu****view.agent.runners.sse_runner | 发起请求: {'method': 'POST', 'url': 'https://irmp-cot-uat.gf.com.cn/cloudapi/chat/v2/chat/addChatSession', 'headers': {'Authorization': '****', 'Content-Type': 'application/json'}, 'json': {'sessionName': '新对话', 'sessionType': 'agent', 'chatType': 'agent_chat_debug', 'agentId': '268742034726368', 'agentBatchId': '268742034725344'}, 'timeout': None}
2026-04-22 16:05:48,225 | ERROR | individu****view.agent.runners.sse_runner | 请求失败: {'method': 'POST', 'url': 'https://irmp-cot-uat.gf.com.cn/cloudapi/chat/v2/chat/addChatSession', 'headers': {'Authorization': '****', 'Content-Type': 'application/json'}, 'json': {'sessionName': '新对话', 'sessionType': 'agent', 'chatType': 'agent_chat_debug', 'agentId': '268742034726368', 'agentBatchId': '268742034725344'}, 'timeout': None}
Traceback (most recent call last):
  File "/home/customTest/miniconda3/lib/python3.13/site-packages/aiohttp/connector.py", line 1574, in _create_****tion
    hosts = await self._resolve_host(host, port, traces=traces)
            ^^^^^^^^^^^^^^^^^^^^^^^^^^^^^^^^^^^^^^^^^^^^^^^^^^^
  File "/home/customTest/miniconda3/lib/python3.13/site-packages/aiohttp/connector.py", line 1190, in _resolve_host
    return await asyncio.shield(resolved_host_task)
           ^^^^^^^^^^^^^^^^^^^^^^^^^^^^^^^^^^^^^^^^
  File "/home/customTest/miniconda3/lib/python3.13/site-packages/aiohttp/connector.py", line 1221, in _resolve****ttle
    addrs = await self._resolver.resolve(host, port, family=self._family)
            ^^^^^^^^^^^^^^^^^^^^^^^^^^^^^^^^^^^^^^^^^^^^^^^^^^^^^^^^^^^^^
  File "/home/customTest/miniconda3/lib/python3.13/site-packages/aiohttp/resolver.py", line 40, in resolve
    infos = await self._loop.getaddrinfo(
            ^^^^^^^^^^^^^^^^^^^^^^^^^^^^^
    ...<5 lines>...
    )
    ^
  File "/home/customTest/miniconda3/lib/python3.13/asyncio/base_events.py", line 939, in getaddrinfo
    return await self.run_in_executor(
           ^^^^^^^^^^^^^^^^^^^^^^^^^^^
        None, getaddr_func, host, port, family, type, proto, flags)
        ^^^^^^^^^^^^^^^^^^^^^^^^^^^^^^^^^^^^^^^^^^^^^^^^^^^^^^^^^^^
  File "/home/customTest/miniconda3/lib/python3.13/concurrent/futures/thread.py", line 59, in run
    result = self.fn(*self.args, **self.kwargs)
  File "/home/customTest/miniconda3/lib/python3.13/socket.py", line 977, in getaddrinfo
    for res in _socket.getaddrinfo(host, port, family, type, proto, flags):
               ~~~~~~~~~~~~~~~~~~~^^^^^^^^^^^^^^^^^^^^^^^^^^^^^^^^^^^^^^^^
socket.gaierror: [Errno -2] Name or service not known

The above exception was the direct cause of the following exception:

Traceback (most recent call last):
  File "/home/customTest/individu****view/agent/runners/sse_runner.py", line 160, in apiRequestAsync
    async with session.request(**request_params) as response:
               ~~~~~~~~~~~~~~~^^^^^^^^^^^^^^^^^^
  File "/home/customTest/miniconda3/lib/python3.13/site-packages/aiohttp/client.py", line 1521, in __aenter__
    self._resp: _RetType = await self._coro
                           ^^^^^^^^^^^^^^^^
  File "/home/customTest/miniconda3/lib/python3.13/site-packages/aiohttp/client.py", line 788, in _request
    resp = await handler(req)
           ^^^^^^^^^^^^^^^^^^
  File "/home/customTest/miniconda3/lib/python3.13/site-packages/aiohttp/client.py", line 742, in _connect****uest
    conn = await self._connector.connect(
           ^^^^^^^^^^^^^^^^^^^^^^^^^^^^^^
        req, traces=traces, timeout=real_timeout
        ^^^^^^^^^^^^^^^^^^^^^^^^^^^^^^^^^^^^^^^^
    )
    ^
  File "/home/customTest/miniconda3/lib/python3.13/site-packages/aiohttp/connector.py", line 672, in connect
    proto = await self._create_connection(req, traces, timeout)
            ^^^^^^^^^^^^^^^^^^^^^^^^^^^^^^^^^^^^^^^^^^^^^^^^^^^
  File "/home/customTest/miniconda3/lib/python3.13/site-packages/aiohttp/connector.py", line 1251, in _create_connection
    _, proto = await self._create_****tion(req, traces, timeout)
               ^^^^^^^^^^^^^^^^^^^^^^^^^^^^^^^^^^^^^^^^^^^^^^^^^^^^^^^^^^
  File "/home/customTest/miniconda3/lib/python3.13/site-packages/aiohttp/connector.py", line 1580, in _create_****tion
    raise ClientCo****rror(req.connection_key, exc) from exc
aiohttp.client_exceptions.ClientCo****rror: Cannot connect to host irmp-cot-uat.gf.com.cn:443 ssl:default [Name or service not known]
2026-04-22 16:05:48,227 | INFO | individu****view.agent.runners.sse_runner | 请求重试 2/3
2026-04-22 16:05:48,268 | ERROR | individu****view.agent.runners.sse_runner | 请求失败: {'method': 'POST', 'url': 'https://irmp-cot-uat.gf.com.cn/cloudapi/chat/v2/chat/addChatSession', 'headers': {'Authorization': '****', 'Content-Type': 'application/json'}, 'json': {'sessionName': '新对话', 'sessionType': 'agent', 'chatType': 'agent_chat_debug', 'agentId': '268742034726368', 'agentBatchId': '268742034725344'}, 'timeout': None}
Traceback (most recent call last):
  File "/home/customTest/miniconda3/lib/python3.13/site-packages/aiohttp/connector.py", line 1574, in _create_****tion
    hosts = await self._resolve_host(host, port, traces=traces)
            ^^^^^^^^^^^^^^^^^^^^^^^^^^^^^^^^^^^^^^^^^^^^^^^^^^^
  File "/home/customTest/miniconda3/lib/python3.13/site-packages/aiohttp/connector.py", line 1190, in _resolve_host
    return await asyncio.shield(resolved_host_task)
           ^^^^^^^^^^^^^^^^^^^^^^^^^^^^^^^^^^^^^^^^
  File "/home/customTest/miniconda3/lib/python3.13/site-packages/aiohttp/connector.py", line 1221, in _resolve****ttle
    addrs = await self._resolver.resolve(host, port, family=self._family)
            ^^^^^^^^^^^^^^^^^^^^^^^^^^^^^^^^^^^^^^^^^^^^^^^^^^^^^^^^^^^^^
  File "/home/customTest/miniconda3/lib/python3.13/site-packages/aiohttp/resolver.py", line 40, in resolve
    infos = await self._loop.getaddrinfo(
            ^^^^^^^^^^^^^^^^^^^^^^^^^^^^^
    ...<5 lines>...
    )
    ^
  File "/home/customTest/miniconda3/lib/python3.13/asyncio/base_events.py", line 939, in getaddrinfo
    return await self.run_in_executor(
           ^^^^^^^^^^^^^^^^^^^^^^^^^^^
        None, getaddr_func, host, port, family, type, proto, flags)
        ^^^^^^^^^^^^^^^^^^^^^^^^^^^^^^^^^^^^^^^^^^^^^^^^^^^^^^^^^^^
  File "/home/customTest/miniconda3/lib/python3.13/concurrent/futures/thread.py", line 59, in run
    result = self.fn(*self.args, **self.kwargs)
  File "/home/customTest/miniconda3/lib/python3.13/socket.py", line 977, in getaddrinfo
    for res in _socket.getaddrinfo(host, port, family, type, proto, flags):
               ~~~~~~~~~~~~~~~~~~~^^^^^^^^^^^^^^^^^^^^^^^^^^^^^^^^^^^^^^^^
socket.gaierror: [Errno -2] Name or service not known

The above exception was the direct cause of the following exception:

Traceback (most recent call last):
  File "/home/customTest/individu****view/agent/runners/sse_runner.py", line 160, in apiRequestAsync
    async with session.request(**request_params) as response:
               ~~~~~~~~~~~~~~~^^^^^^^^^^^^^^^^^^
  File "/home/customTest/miniconda3/lib/python3.13/site-packages/aiohttp/client.py", line 1521, in __aenter__
    self._resp: _RetType = await self._coro
                           ^^^^^^^^^^^^^^^^
  File "/home/customTest/miniconda3/lib/python3.13/site-packages/aiohttp/client.py", line 788, in _request
    resp = await handler(req)
           ^^^^^^^^^^^^^^^^^^
  File "/home/customTest/miniconda3/lib/python3.13/site-packages/aiohttp/client.py", line 742, in _connect****uest
    conn = await self._connector.connect(
           ^^^^^^^^^^^^^^^^^^^^^^^^^^^^^^
        req, traces=traces, timeout=real_timeout
        ^^^^^^^^^^^^^^^^^^^^^^^^^^^^^^^^^^^^^^^^
    )
    ^
  File "/home/customTest/miniconda3/lib/python3.13/site-packages/aiohttp/connector.py", line 672, in connect
    proto = await self._create_connection(req, traces, timeout)
            ^^^^^^^^^^^^^^^^^^^^^^^^^^^^^^^^^^^^^^^^^^^^^^^^^^^
  File "/home/customTest/miniconda3/lib/python3.13/site-packages/aiohttp/connector.py", line 1251, in _create_connection
    _, proto = await self._create_****tion(req, traces, timeout)
               ^^^^^^^^^^^^^^^^^^^^^^^^^^^^^^^^^^^^^^^^^^^^^^^^^^^^^^^^^^
  File "/home/customTest/miniconda3/lib/python3.13/site-packages/aiohttp/connector.py", line 1580, in _create_****tion
    raise ClientCo****rror(req.connection_key, exc) from exc
aiohttp.client_exceptions.ClientCo****rror: Cannot connect to host irmp-cot-uat.gf.com.cn:443 ssl:default [Name or service not known]
2026-04-22 16:05:48,270 | INFO | individu****view.agent.runners.sse_runner | 请求重试 3/3
2026-04-22 16:05:48,293 | ERROR | individu****view.agent.runners.sse_runner | 请求失败: {'method': 'POST', 'url': 'https://irmp-cot-uat.gf.com.cn/cloudapi/chat/v2/chat/addChatSession', 'headers': {'Authorization': '****', 'Content-Type': 'application/json'}, 'json': {'sessionName': '新对话', 'sessionType': 'agent', 'chatType': 'agent_chat_debug', 'agentId': '268742034726368', 'agentBatchId': '268742034725344'}, 'timeout': None}
Traceback (most recent call last):
  File "/home/customTest/miniconda3/lib/python3.13/site-packages/aiohttp/connector.py", line 1574, in _create_****tion
    hosts = await self._resolve_host(host, port, traces=traces)
            ^^^^^^^^^^^^^^^^^^^^^^^^^^^^^^^^^^^^^^^^^^^^^^^^^^^
  File "/home/customTest/miniconda3/lib/python3.13/site-packages/aiohttp/connector.py", line 1190, in _resolve_host
    return await asyncio.shield(resolved_host_task)
           ^^^^^^^^^^^^^^^^^^^^^^^^^^^^^^^^^^^^^^^^
  File "/home/customTest/miniconda3/lib/python3.13/site-packages/aiohttp/connector.py", line 1221, in _resolve****ttle
    addrs = await self._resolver.resolve(host, port, family=self._family)
            ^^^^^^^^^^^^^^^^^^^^^^^^^^^^^^^^^^^^^^^^^^^^^^^^^^^^^^^^^^^^^
  File "/home/customTest/miniconda3/lib/python3.13/site-packages/aiohttp/resolver.py", line 40, in resolve
    infos = await self._loop.getaddrinfo(
            ^^^^^^^^^^^^^^^^^^^^^^^^^^^^^
    ...<5 lines>...
    )
    ^
  File "/home/customTest/miniconda3/lib/python3.13/asyncio/base_events.py", line 939, in getaddrinfo
    return await self.run_in_executor(
           ^^^^^^^^^^^^^^^^^^^^^^^^^^^
        None, getaddr_func, host, port, family, type, proto, flags)
        ^^^^^^^^^^^^^^^^^^^^^^^^^^^^^^^^^^^^^^^^^^^^^^^^^^^^^^^^^^^
  File "/home/customTest/miniconda3/lib/python3.13/concurrent/futures/thread.py", line 59, in run
    result = self.fn(*self.args, **self.kwargs)
  File "/home/customTest/miniconda3/lib/python3.13/socket.py", line 977, in getaddrinfo
    for res in _socket.getaddrinfo(host, port, family, type, proto, flags):
               ~~~~~~~~~~~~~~~~~~~^^^^^^^^^^^^^^^^^^^^^^^^^^^^^^^^^^^^^^^^
socket.gaierror: [Errno -2] Name or service not known

The above exception was the direct cause of the following exception:

Traceback (most recent call last):
  File "/home/customTest/individu****view/agent/runners/sse_runner.py", line 160, in apiRequestAsync
    async with session.request(**request_params) as response:
               ~~~~~~~~~~~~~~~^^^^^^^^^^^^^^^^^^
  File "/home/customTest/miniconda3/lib/python3.13/site-packages/aiohttp/client.py", line 1521, in __aenter__
    self._resp: _RetType = await self._coro
                           ^^^^^^^^^^^^^^^^
  File "/home/customTest/miniconda3/lib/python3.13/site-packages/aiohttp/client.py", line 788, in _request
    resp = await handler(req)
           ^^^^^^^^^^^^^^^^^^
  File "/home/customTest/miniconda3/lib/python3.13/site-packages/aiohttp/client.py", line 742, in _connect****uest
    conn = await self._connector.connect(
           ^^^^^^^^^^^^^^^^^^^^^^^^^^^^^^
        req, traces=traces, timeout=real_timeout
        ^^^^^^^^^^^^^^^^^^^^^^^^^^^^^^^^^^^^^^^^
    )
    ^
  File "/home/customTest/miniconda3/lib/python3.13/site-packages/aiohttp/connector.py", line 672, in connect
    proto = await self._create_connection(req, traces, timeout)
            ^^^^^^^^^^^^^^^^^^^^^^^^^^^^^^^^^^^^^^^^^^^^^^^^^^^
  File "/home/customTest/miniconda3/lib/python3.13/site-packages/aiohttp/connector.py", line 1251, in _create_connection
    _, proto = await self._create_****tion(req, traces, timeout)
               ^^^^^^^^^^^^^^^^^^^^^^^^^^^^^^^^^^^^^^^^^^^^^^^^^^^^^^^^^^
  File "/home/customTest/miniconda3/lib/python3.13/site-packages/aiohttp/connector.py", line 1580, in _create_****tion
    raise ClientCo****rror(req.connection_key, exc) from exc
aiohttp.client_exceptions.ClientCo****rror: Cannot connect to host irmp-cot-uat.gf.com.cn:443 ssl:default [Name or service not known]
2026-04-22 16:05:48,296 | WARNING | individu****view.agent.runners.sse_runner | 请求重试耗尽: {'method': 'POST', 'url': 'https://irmp-cot-uat.gf.com.cn/cloudapi/chat/v2/chat/addChatSession', 'headers': {'Authorization': '****', 'Content-Type': 'application/json'}, 'json': {'sessionName': '新对话', 'sessionType': 'agent', 'chatType': 'agent_chat_debug', 'agentId': '268742034726368', 'agentBatchId': '268742034725344'}, 'timeout': None}
2026-04-22 16:05:51,210 | DEBUG | individu****view.agent.runners.sse_runner | 发起请求: {'method': 'POST', 'url': 'https://irmp-cot-uat.gf.com.cn/cloudapi/chat/v2/chat/addChatSession', 'headers': {'Authorization': '****', 'Content-Type': 'application/json'}, 'json': {'sessionName': '新对话', 'sessionType': 'agent', 'chatType': 'agent_chat_debug', 'agentId': '268742034726368', 'agentBatchId': '268742034725344'}, 'timeout': None}
2026-04-22 16:05:51,238 | ERROR | individu****view.agent.runners.sse_runner | 请求失败: {'method': 'POST', 'url': 'https://irmp-cot-uat.gf.com.cn/cloudapi/chat/v2/chat/addChatSession', 'headers': {'Authorization': '****', 'Content-Type': 'application/json'}, 'json': {'sessionName': '新对话', 'sessionType': 'agent', 'chatType': 'agent_chat_debug', 'agentId': '268742034726368', 'agentBatchId': '268742034725344'}, 'timeout': None}
Traceback (most recent call last):
  File "/home/customTest/miniconda3/lib/python3.13/site-packages/aiohttp/connector.py", line 1574, in _create_****tion
    hosts = await self._resolve_host(host, port, traces=traces)
            ^^^^^^^^^^^^^^^^^^^^^^^^^^^^^^^^^^^^^^^^^^^^^^^^^^^
  File "/home/customTest/miniconda3/lib/python3.13/site-packages/aiohttp/connector.py", line 1190, in _resolve_host
    return await asyncio.shield(resolved_host_task)
           ^^^^^^^^^^^^^^^^^^^^^^^^^^^^^^^^^^^^^^^^
  File "/home/customTest/miniconda3/lib/python3.13/site-packages/aiohttp/connector.py", line 1221, in _resolve****ttle
    addrs = await self._resolver.resolve(host, port, family=self._family)
            ^^^^^^^^^^^^^^^^^^^^^^^^^^^^^^^^^^^^^^^^^^^^^^^^^^^^^^^^^^^^^
  File "/home/customTest/miniconda3/lib/python3.13/site-packages/aiohttp/resolver.py", line 40, in resolve
    infos = await self._loop.getaddrinfo(
            ^^^^^^^^^^^^^^^^^^^^^^^^^^^^^
    ...<5 lines>...
    )
    ^
  File "/home/customTest/miniconda3/lib/python3.13/asyncio/base_events.py", line 939, in getaddrinfo
    return await self.run_in_executor(
           ^^^^^^^^^^^^^^^^^^^^^^^^^^^
        None, getaddr_func, host, port, family, type, proto, flags)
        ^^^^^^^^^^^^^^^^^^^^^^^^^^^^^^^^^^^^^^^^^^^^^^^^^^^^^^^^^^^
  File "/home/customTest/miniconda3/lib/python3.13/concurrent/futures/thread.py", line 59, in run
    result = self.fn(*self.args, **self.kwargs)
  File "/home/customTest/miniconda3/lib/python3.13/socket.py", line 977, in getaddrinfo
    for res in _socket.getaddrinfo(host, port, family, type, proto, flags):
               ~~~~~~~~~~~~~~~~~~~^^^^^^^^^^^^^^^^^^^^^^^^^^^^^^^^^^^^^^^^
socket.gaierror: [Errno -2] Name or service not known

The above exception was the direct cause of the following exception:

Traceback (most recent call last):
  File "/home/customTest/individu****view/agent/runners/sse_runner.py", line 160, in apiRequestAsync
    async with session.request(**request_params) as response:
               ~~~~~~~~~~~~~~~^^^^^^^^^^^^^^^^^^
  File "/home/customTest/miniconda3/lib/python3.13/site-packages/aiohttp/client.py", line 1521, in __aenter__
    self._resp: _RetType = await self._coro
                           ^^^^^^^^^^^^^^^^
  File "/home/customTest/miniconda3/lib/python3.13/site-packages/aiohttp/client.py", line 788, in _request
    resp = await handler(req)
           ^^^^^^^^^^^^^^^^^^
  File "/home/customTest/miniconda3/lib/python3.13/site-packages/aiohttp/client.py", line 742, in _connect****uest
    conn = await self._connector.connect(
           ^^^^^^^^^^^^^^^^^^^^^^^^^^^^^^
        req, traces=traces, timeout=real_timeout
        ^^^^^^^^^^^^^^^^^^^^^^^^^^^^^^^^^^^^^^^^
    )
    ^
  File "/home/customTest/miniconda3/lib/python3.13/site-packages/aiohttp/connector.py", line 672, in connect
    proto = await self._create_connection(req, traces, timeout)
            ^^^^^^^^^^^^^^^^^^^^^^^^^^^^^^^^^^^^^^^^^^^^^^^^^^^
  File "/home/customTest/miniconda3/lib/python3.13/site-packages/aiohttp/connector.py", line 1251, in _create_connection
    _, proto = await self._create_****tion(req, traces, timeout)
               ^^^^^^^^^^^^^^^^^^^^^^^^^^^^^^^^^^^^^^^^^^^^^^^^^^^^^^^^^^
  File "/home/customTest/miniconda3/lib/python3.13/site-packages/aiohttp/connector.py", line 1580, in _create_****tion
    raise ClientCo****rror(req.connection_key, exc) from exc
aiohttp.client_exceptions.ClientCo****rror: Cannot connect to host irmp-cot-uat.gf.com.cn:443 ssl:default [Name or service not known]
2026-04-22 16:05:51,241 | INFO | individu****view.agent.runners.sse_runner | 请求重试 2/3
2026-04-22 16:05:51,262 | ERROR | individu****view.agent.runners.sse_runner | 请求失败: {'method': 'POST', 'url': 'https://irmp-cot-uat.gf.com.cn/cloudapi/chat/v2/chat/addChatSession', 'headers': {'Authorization': '****', 'Content-Type': 'application/json'}, 'json': {'sessionName': '新对话', 'sessionType': 'agent', 'chatType': 'agent_chat_debug', 'agentId': '268742034726368', 'agentBatchId': '268742034725344'}, 'timeout': None}
Traceback (most recent call last):
  File "/home/customTest/miniconda3/lib/python3.13/site-packages/aiohttp/connector.py", line 1574, in _create_****tion
    hosts = await self._resolve_host(host, port, traces=traces)
            ^^^^^^^^^^^^^^^^^^^^^^^^^^^^^^^^^^^^^^^^^^^^^^^^^^^
  File "/home/customTest/miniconda3/lib/python3.13/site-packages/aiohttp/connector.py", line 1190, in _resolve_host
    return await asyncio.shield(resolved_host_task)
           ^^^^^^^^^^^^^^^^^^^^^^^^^^^^^^^^^^^^^^^^
  File "/home/customTest/miniconda3/lib/python3.13/site-packages/aiohttp/connector.py", line 1221, in _resolve****ttle
    addrs = await self._resolver.resolve(host, port, family=self._family)
            ^^^^^^^^^^^^^^^^^^^^^^^^^^^^^^^^^^^^^^^^^^^^^^^^^^^^^^^^^^^^^
  File "/home/customTest/miniconda3/lib/python3.13/site-packages/aiohttp/resolver.py", line 40, in resolve
    infos = await self._loop.getaddrinfo(
            ^^^^^^^^^^^^^^^^^^^^^^^^^^^^^
    ...<5 lines>...
    )
    ^
  File "/home/customTest/miniconda3/lib/python3.13/asyncio/base_events.py", line 939, in getaddrinfo
    return await self.run_in_executor(
           ^^^^^^^^^^^^^^^^^^^^^^^^^^^
        None, getaddr_func, host, port, family, type, proto, flags)
        ^^^^^^^^^^^^^^^^^^^^^^^^^^^^^^^^^^^^^^^^^^^^^^^^^^^^^^^^^^^
  File "/home/customTest/miniconda3/lib/python3.13/concurrent/futures/thread.py", line 59, in run
    result = self.fn(*self.args, **self.kwargs)
  File "/home/customTest/miniconda3/lib/python3.13/socket.py", line 977, in getaddrinfo
    for res in _socket.getaddrinfo(host, port, family, type, proto, flags):
               ~~~~~~~~~~~~~~~~~~~^^^^^^^^^^^^^^^^^^^^^^^^^^^^^^^^^^^^^^^^
socket.gaierror: [Errno -2] Name or service not known

The above exception was the direct cause of the following exception:

Traceback (most recent call last):
  File "/home/customTest/individu****view/agent/runners/sse_runner.py", line 160, in apiRequestAsync
    async with session.request(**request_params) as response:
               ~~~~~~~~~~~~~~~^^^^^^^^^^^^^^^^^^
  File "/home/customTest/miniconda3/lib/python3.13/site-packages/aiohttp/client.py", line 1521, in __aenter__
    self._resp: _RetType = await self._coro
                           ^^^^^^^^^^^^^^^^
  File "/home/customTest/miniconda3/lib/python3.13/site-packages/aiohttp/client.py", line 788, in _request
    resp = await handler(req)
           ^^^^^^^^^^^^^^^^^^
  File "/home/customTest/miniconda3/lib/python3.13/site-packages/aiohttp/client.py", line 742, in _connect****uest
    conn = await self._connector.connect(
           ^^^^^^^^^^^^^^^^^^^^^^^^^^^^^^
        req, traces=traces, timeout=real_timeout
        ^^^^^^^^^^^^^^^^^^^^^^^^^^^^^^^^^^^^^^^^
    )
    ^
  File "/home/customTest/miniconda3/lib/python3.13/site-packages/aiohttp/connector.py", line 672, in connect
    proto = await self._create_connection(req, traces, timeout)
            ^^^^^^^^^^^^^^^^^^^^^^^^^^^^^^^^^^^^^^^^^^^^^^^^^^^
  File "/home/customTest/miniconda3/lib/python3.13/site-packages/aiohttp/connector.py", line 1251, in _create_connection
    _, proto = await self._create_****tion(req, traces, timeout)
               ^^^^^^^^^^^^^^^^^^^^^^^^^^^^^^^^^^^^^^^^^^^^^^^^^^^^^^^^^^
  File "/home/customTest/miniconda3/lib/python3.13/site-packages/aiohttp/connector.py", line 1580, in _create_****tion
    raise ClientCo****rror(req.connection_key, exc) from exc
aiohttp.client_exceptions.ClientCo****rror: Cannot connect to host irmp-cot-uat.gf.com.cn:443 ssl:default [Name or service not known]
2026-04-22 16:05:51,265 | INFO | individu****view.agent.runners.sse_runner | 请求重试 3/3
2026-04-22 16:05:51,299 | ERROR | individu****view.agent.runners.sse_runner | 请求失败: {'method': 'POST', 'url': 'https://irmp-cot-uat.gf.com.cn/cloudapi/chat/v2/chat/addChatSession', 'headers': {'Authorization': '****', 'Content-Type': 'application/json'}, 'json': {'sessionName': '新对话', 'sessionType': 'agent', 'chatType': 'agent_chat_debug', 'agentId': '268742034726368', 'agentBatchId': '268742034725344'}, 'timeout': None}
Traceback (most recent call last):
  File "/home/customTest/miniconda3/lib/python3.13/site-packages/aiohttp/connector.py", line 1574, in _create_****tion
    hosts = await self._resolve_host(host, port, traces=traces)
            ^^^^^^^^^^^^^^^^^^^^^^^^^^^^^^^^^^^^^^^^^^^^^^^^^^^
  File "/home/customTest/miniconda3/lib/python3.13/site-packages/aiohttp/connector.py", line 1190, in _resolve_host
    return await asyncio.shield(resolved_host_task)
           ^^^^^^^^^^^^^^^^^^^^^^^^^^^^^^^^^^^^^^^^
  File "/home/customTest/miniconda3/lib/python3.13/site-packages/aiohttp/connector.py", line 1221, in _resolve****ttle
    addrs = await self._resolver.resolve(host, port, family=self._family)
            ^^^^^^^^^^^^^^^^^^^^^^^^^^^^^^^^^^^^^^^^^^^^^^^^^^^^^^^^^^^^^
  File "/home/customTest/miniconda3/lib/python3.13/site-packages/aiohttp/resolver.py", line 40, in resolve
    infos = await self._loop.getaddrinfo(
            ^^^^^^^^^^^^^^^^^^^^^^^^^^^^^
    ...<5 lines>...
    )
    ^
  File "/home/customTest/miniconda3/lib/python3.13/asyncio/base_events.py", line 939, in getaddrinfo
    return await self.run_in_executor(
           ^^^^^^^^^^^^^^^^^^^^^^^^^^^
        None, getaddr_func, host, port, family, type, proto, flags)
        ^^^^^^^^^^^^^^^^^^^^^^^^^^^^^^^^^^^^^^^^^^^^^^^^^^^^^^^^^^^
  File "/home/customTest/miniconda3/lib/python3.13/concurrent/futures/thread.py", line 59, in run
    result = self.fn(*self.args, **self.kwargs)
  File "/home/customTest/miniconda3/lib/python3.13/socket.py", line 977, in getaddrinfo
    for res in _socket.getaddrinfo(host, port, family, type, proto, flags):
               ~~~~~~~~~~~~~~~~~~~^^^^^^^^^^^^^^^^^^^^^^^^^^^^^^^^^^^^^^^^
socket.gaierror: [Errno -2] Name or service not known

The above exception was the direct cause of the following exception:

Traceback (most recent call last):
  File "/home/customTest/individu****view/agent/runners/sse_runner.py", line 160, in apiRequestAsync
    async with session.request(**request_params) as response:
               ~~~~~~~~~~~~~~~^^^^^^^^^^^^^^^^^^
  File "/home/customTest/miniconda3/lib/python3.13/site-packages/aiohttp/client.py", line 1521, in __aenter__
    self._resp: _RetType = await self._coro
                           ^^^^^^^^^^^^^^^^
  File "/home/customTest/miniconda3/lib/python3.13/site-packages/aiohttp/client.py", line 788, in _request
    resp = await handler(req)
           ^^^^^^^^^^^^^^^^^^
  File "/home/customTest/miniconda3/lib/python3.13/site-packages/aiohttp/client.py", line 742, in _connect****uest
    conn = await self._connector.connect(
           ^^^^^^^^^^^^^^^^^^^^^^^^^^^^^^
        req, traces=traces, timeout=real_timeout
        ^^^^^^^^^^^^^^^^^^^^^^^^^^^^^^^^^^^^^^^^
    )
    ^
  File "/home/customTest/miniconda3/lib/python3.13/site-packages/aiohttp/connector.py", line 672, in connect
    proto = await self._create_connection(req, traces, timeout)
            ^^^^^^^^^^^^^^^^^^^^^^^^^^^^^^^^^^^^^^^^^^^^^^^^^^^
  File "/home/customTest/miniconda3/lib/python3.13/site-packages/aiohttp/connector.py", line 1251, in _create_connection
    _, proto = await self._create_****tion(req, traces, timeout)
               ^^^^^^^^^^^^^^^^^^^^^^^^^^^^^^^^^^^^^^^^^^^^^^^^^^^^^^^^^^
  File "/home/customTest/miniconda3/lib/python3.13/site-packages/aiohttp/connector.py", line 1580, in _create_****tion
    raise ClientCo****rror(req.connection_key, exc) from exc
aiohttp.client_exceptions.ClientCo****rror: Cannot connect to host irmp-cot-uat.gf.com.cn:443 ssl:default [Name or service not known]
2026-04-22 16:05:51,302 | WARNING | individu****view.agent.runners.sse_runner | 请求重试耗尽: {'method': 'POST', 'url': 'https://irmp-cot-uat.gf.com.cn/cloudapi/chat/v2/chat/addChatSession', 'headers': {'Authorization': '****', 'Content-Type': 'application/json'}, 'json': {'sessionName': '新对话', 'sessionType': 'agent', 'chatType': 'agent_chat_debug', 'agentId': '268742034726368', 'agentBatchId': '268742034725344'}, 'timeout': None}
2026-04-22 16:05:51,302 | WARNING | individu****view.agent.runners.sse_runner | 请求重试耗尽: {'method': None, 'url': None, 'headers': None, 'json': None, 'timeout': None}
2026-04-22 16:05:51,410 | INFO | individu****view.pipelines.stock_graph_eval | stockGraph 评测完成，结果条数=1
2026-04-22 16:06:45,255 | DEBUG | individu****view.agent.providers.gf_platform | 构建 GF 智能体: agent_key=stockGraph session_key=gfGetSession
2026-04-22 16:06:45,279 | DEBUG | individu****view.agent.gf.stockGraph | 调用 GF 智能体: {'session': {'sessionName': '新对话', 'sessionType': 'agent', 'chatType': 'agent_chat_debug', 'agentId': '268742034726368', 'agentBatchId': '268742034725344'}, 'agent': {'botId': '268742034725344', 'userId': '268742034726368', 'conversationId': '268742078082176', 'urlVersion': 3.0, 'messages': '请基于个股研究框架与输入图谱数据进行评测，只输出一个 JSON 对象，字段仅包含 score 和 reason。\n输入图谱数据：[{"father_chapter":"1","id":"1.1","abstract":"发展概况","content":"描述公司主营业务定位、主要服务领域及行业布局。","sample":"{{sample}}","source":"毅昌科技：2024年半年度报告","status":"生效","importance":"不重要","updat...<截断 15 字符>', '...': '还有 1 个字段'}}
2026-04-22 16:06:45,279 | DEBUG | individu****view.agent.runners.sse_runner | 发起请求: {'method': 'POST', 'url': 'https://pure.warrenq.com/nagent/cloudtest/chat/v2/agent/outside/sse/completions', 'headers': {'AuthCode': '****'}, 'json': {'botId': '268742034725344', 'userId': '268742034726368', 'conversationId': '268742078082176', 'urlVersion': 3.0, 'messages': '请基于个股研究框架与输入图谱数据进行评测，只输出一个 JSON 对象，字段仅包含 score 和 reason。\n输入图谱数据：[{"father_chapter":"1","id":"1.1","abstract":"发展概况","content":"描述公司主营业务定位、主要服务领域及行业布局。","sample":"{{sample}}","source":"毅昌科技：2024年半年度报告","status":"生效","importance":"不重要","updat...<截断 15 字符>', '...': '还有 1 个字段'}, 'timeout': 600}
2026-04-22 16:06:45,773 | DEBUG | individu****view.agent.runners.sse_runner | HTTP POST https://pure.warrenq.com/nagent/cloudtest/chat/v2/agent/outside/sse/completions -> 200 (0.49s)
2026-04-22 16:08:36,617 | INFO | individu****view.pipelines.stock_graph_eval | stockGraph 评测完成，结果条数=1
2026-04-22 16:16:41,229 | DEBUG | individu****view.agent.providers.gf_platform | 构建 GF 智能体: agent_key=stockGraph session_key=gfGetSession
2026-04-22 16:16:41,253 | DEBUG | individu****view.agent.gf.stockGraph | GF session策略: host=pure.warrenq.com path=/nagent/cloudtest/chat/v2/agent/outside/sse/completions target=conversationId refresh=False reason=当前接口未命中 GF session 自动刷新规则，沿用请求里的原始会话参数
2026-04-22 16:16:41,254 | DEBUG | individu****view.agent.gf.stockGraph | 调用 GF 智能体: {'session': {'sessionName': '新对话', 'sessionType': 'agent', 'chatType': 'agent_chat_debug', 'agentId': '268742034726368', 'agentBatchId': '268742034725344'}, 'agent': {'botId': '268742034725344', 'userId': '268742034726368', 'conversationId': '268742078082176', 'urlVersion': 3.0, 'messages': '请基于个股研究框架与输入图谱数据进行评测，只输出一个 JSON 对象，字段仅包含 score 和 reason。\n输入图谱数据：[{"father_chapter":"1","id":"1.1","abstract":"发展概况","content":"描述公司主营业务定位、主要服务领域及行业布局。","sample":"{{sample}}","source":"毅昌科技：2024年半年度报告","status":"生效","importance":"不重要","updat...<截断 15 字符>', '...': '还有 1 个字段'}}
2026-04-22 16:16:41,254 | DEBUG | individu****view.agent.runners.sse_runner | 发起请求: {'method': 'POST', 'url': 'https://pure.warrenq.com/nagent/cloudtest/chat/v2/agent/outside/sse/completions', 'headers': {'AuthCode': '****'}, 'json': {'botId': '268742034725344', 'userId': '268742034726368', 'conversationId': '268742078082176', 'urlVersion': 3.0, 'messages': '请基于个股研究框架与输入图谱数据进行评测，只输出一个 JSON 对象，字段仅包含 score 和 reason。\n输入图谱数据：[{"father_chapter":"1","id":"1.1","abstract":"发展概况","content":"描述公司主营业务定位、主要服务领域及行业布局。","sample":"{{sample}}","source":"毅昌科技：2024年半年度报告","status":"生效","importance":"不重要","updat...<截断 15 字符>', '...': '还有 1 个字段'}, 'timeout': 600}
2026-04-22 16:16:41,746 | DEBUG | individu****view.agent.runners.sse_runner | HTTP POST https://pure.warrenq.com/nagent/cloudtest/chat/v2/agent/outside/sse/completions -> 200 (0.49s)
2026-04-22 16:16:44,257 | DEBUG | individu****view.agent.gf.stockGraph | GF session策略: host=pure.warrenq.com path=/nagent/cloudtest/chat/v2/agent/outside/sse/completions target=conversationId refresh=False reason=当前接口未命中 GF session 自动刷新规则，沿用请求里的原始会话参数
2026-04-22 16:16:44,257 | DEBUG | individu****view.agent.gf.stockGraph | 调用 GF 智能体: {'session': {'sessionName': '新对话', 'sessionType': 'agent', 'chatType': 'agent_chat_debug', 'agentId': '268742034726368', 'agentBatchId': '268742034725344'}, 'agent': {'botId': '268742034725344', 'userId': '268742034726368', 'conversationId': '268742078082176', 'urlVersion': 3.0, 'messages': '请基于个股研究框架与输入图谱数据进行评测，只输出一个 JSON 对象，字段仅包含 score 和 reason。\n输入图谱数据：[{"father_chapter":"1","id":"1.1","abstract":"发展概况","content":"说明公司的成立背景、行业地位及主要经营领域。","sample":"{{sample}}","source":"中芯国际：中芯国际2025年第三季度报告","status":"生效","importance":"不重要","u...<截断 15 字符>', '...': '还有 1 个字段'}}
2026-04-22 16:16:44,258 | DEBUG | individu****view.agent.runners.sse_runner | 发起请求: {'method': 'POST', 'url': 'https://pure.warrenq.com/nagent/cloudtest/chat/v2/agent/outside/sse/completions', 'headers': {'AuthCode': '****'}, 'json': {'botId': '268742034725344', 'userId': '268742034726368', 'conversationId': '268742078082176', 'urlVersion': 3.0, 'messages': '请基于个股研究框架与输入图谱数据进行评测，只输出一个 JSON 对象，字段仅包含 score 和 reason。\n输入图谱数据：[{"father_chapter":"1","id":"1.1","abstract":"发展概况","content":"说明公司的成立背景、行业地位及主要经营领域。","sample":"{{sample}}","source":"中芯国际：中芯国际2025年第三季度报告","status":"生效","importance":"不重要","u...<截断 15 字符>', '...': '还有 1 个字段'}, 'timeout': 600}
2026-04-22 16:16:44,699 | DEBUG | individu****view.agent.runners.sse_runner | HTTP POST https://pure.warrenq.com/nagent/cloudtest/chat/v2/agent/outside/sse/completions -> 200 (0.44s)
2026-04-22 16:18:37,224 | INFO | individu****view.pipelines.stock_graph_eval | stockGraph 评测完成，结果条数=2
